id,Bar,Street,City,State,Phone,License,id,Name,Street,City,State,Phone,SSN,DriverLicense
12,"Le Mary Céleste","P.O. Box 298, 5458 Nunc Rd.",Huntsville,Alabama,401-640-6068,498082-1021,1505,"Hope Carver","Ap #731-6457 Amet Av.",Tuscaloosa,Alabama,703-321-8603,628-99-09,53D55B6A-4F7D-6484-2B32-75F87AA9E149
103,"Podozritelnye Litsa Bar","336-8523 Congue Road",Tuscaloosa,Alabama,814-337-7688,285412-1965,1505,"Hope Carver","Ap #731-6457 Amet Av.",Tuscaloosa,Alabama,703-321-8603,628-99-09,53D55B6A-4F7D-6484-2B32-75F87AA9E149
108,"SOL AZTECA RESTAURANT","727-6430 Imperdiet Rd.",Tuscaloosa,Alabama,167-661-0191,844222-4211,1505,"Hope Carver","Ap #731-6457 Amet Av.",Tuscaloosa,Alabama,703-321-8603,628-99-09,53D55B6A-4F7D-6484-2B32-75F87AA9E149
173,"THE GREENE TURTLE","805-6530 Arcu. Avenue",Tuscaloosa,Alabama,209-487-8295,806320-3064,1505,"Hope Carver","Ap #731-6457 Amet Av.",Tuscaloosa,Alabama,703-321-8603,628-99-09,53D55B6A-4F7D-6484-2B32-75F87AA9E149
176,"AJI-NIPPON RESTAURANT","595-7677 Fames Av.",Huntsville,Alabama,687-179-4514,102739-1075,1505,"Hope Carver","Ap #731-6457 Amet Av.",Tuscaloosa,Alabama,703-321-8603,628-99-09,53D55B6A-4F7D-6484-2B32-75F87AA9E149
12,"Le Mary Céleste","P.O. Box 298, 5458 Nunc Rd.",Huntsville,Alabama,401-640-6068,498082-1021,1623,"Basil Haley","769-5544 Dui. St.",Mobile,Alabama,230-437-2874,192-47-04,F3617928-91C3-CC69-D124-73B53E7BB8FF
103,"Podozritelnye Litsa Bar","336-8523 Congue Road",Tuscaloosa,Alabama,814-337-7688,285412-1965,1623,"Basil Haley","769-5544 Dui. St.",Mobile,Alabama,230-437-2874,192-47-04,F3617928-91C3-CC69-D124-73B53E7BB8FF
108,"SOL AZTECA RESTAURANT","727-6430 Imperdiet Rd.",Tuscaloosa,Alabama,167-661-0191,844222-4211,1623,"Basil Haley","769-5544 Dui. St.",Mobile,Alabama,230-437-2874,192-47-04,F3617928-91C3-CC69-D124-73B53E7BB8FF
173,"THE GREENE TURTLE","805-6530 Arcu. Avenue",Tuscaloosa,Alabama,209-487-8295,806320-3064,1623,"Basil Haley","769-5544 Dui. St.",Mobile,Alabama,230-437-2874,192-47-04,F3617928-91C3-CC69-D124-73B53E7BB8FF
176,"AJI-NIPPON RESTAURANT","595-7677 Fames Av.",Huntsville,Alabama,687-179-4514,102739-1075,1623,"Basil Haley","769-5544 Dui. St.",Mobile,Alabama,230-437-2874,192-47-04,F3617928-91C3-CC69-D124-73B53E7BB8FF
12,"Le Mary Céleste","P.O. Box 298, 5458 Nunc Rd.",Huntsville,Alabama,401-640-6068,498082-1021,1630,"Kellie Lynch","Ap #835-7114 Tincidunt Road",Tuscaloosa,Alabama,837-456-9757,196-32-04,5342E3E3-338F-CC7D-B11F-A00A9D1BFCCC
103,"Podozritelnye Litsa Bar","336-8523 Congue Road",Tuscaloosa,Alabama,814-337-7688,285412-1965,1630,"Kellie Lynch","Ap #835-7114 Tincidunt Road",Tuscaloosa,Alabama,837-456-9757,196-32-04,5342E3E3-338F-CC7D-B11F-A00A9D1BFCCC
108,"SOL AZTECA RESTAURANT","727-6430 Imperdiet Rd.",Tuscaloosa,Alabama,167-661-0191,844222-4211,1630,"Kellie Lynch","Ap #835-7114 Tincidunt Road",Tuscaloosa,Alabama,837-456-9757,196-32-04,5342E3E3-338F-CC7D-B11F-A00A9D1BFCCC
173,"THE GREENE TURTLE","805-6530 Arcu. Avenue",Tuscaloosa,Alabama,209-487-8295,806320-3064,1630,"Kellie Lynch","Ap #835-7114 Tincidunt Road",Tuscaloosa,Alabama,837-456-9757,196-32-04,5342E3E3-338F-CC7D-B11F-A00A9D1BFCCC
176,"AJI-NIPPON RESTAURANT","595-7677 Fames Av.",Huntsville,Alabama,687-179-4514,102739-1075,1630,"Kellie Lynch","Ap #835-7114 Tincidunt Road",Tuscaloosa,Alabama,837-456-9757,196-32-04,5342E3E3-338F-CC7D-B11F-A00A9D1BFCCC
12,"Le Mary Céleste","P.O. Box 298, 5458 Nunc Rd.",Huntsville,Alabama,401-640-6068,498082-1021,1640,"Kimberly Downs","Ap #154-6967 Faucibus Street",Huntsville,Alabama,409-326-9691,878-31-02,765B02FC-0E54-9FE7-1681-3D96F2292722
103,"Podozritelnye Litsa Bar","336-8523 Congue Road",Tuscaloosa,Alabama,814-337-7688,285412-1965,1640,"Kimberly Downs","Ap #154-6967 Faucibus Street",Huntsville,Alabama,409-326-9691,878-31-02,765B02FC-0E54-9FE7-1681-3D96F2292722
108,"SOL AZTECA RESTAURANT","727-6430 Imperdiet Rd.",Tuscaloosa,Alabama,167-661-0191,844222-4211,1640,"Kimberly Downs","Ap #154-6967 Faucibus Street",Huntsville,Alabama,409-326-9691,878-31-02,765B02FC-0E54-9FE7-1681-3D96F2292722
173,"THE GREENE TURTLE","805-6530 Arcu. Avenue",Tuscaloosa,Alabama,209-487-8295,806320-3064,1640,"Kimberly Downs","Ap #154-6967 Faucibus Street",Huntsville,Alabama,409-326-9691,878-31-02,765B02FC-0E54-9FE7-1681-3D96F2292722
176,"AJI-NIPPON RESTAURANT","595-7677 Fames Av.",Huntsville,Alabama,687-179-4514,102739-1075,1640,"Kimberly Downs","Ap #154-6967 Faucibus Street",Huntsville,Alabama,409-326-9691,878-31-02,765B02FC-0E54-9FE7-1681-3D96F2292722
12,"Le Mary Céleste","P.O. Box 298, 5458 Nunc Rd.",Huntsville,Alabama,401-640-6068,498082-1021,1705,"Keith Hudson","9462 Phasellus Rd.",Tuscaloosa,Alabama,815-350-8738,513-63-07,B492D07C-2376-8499-FA96-E71563DBF689
103,"Podozritelnye Litsa Bar","336-8523 Congue Road",Tuscaloosa,Alabama,814-337-7688,285412-1965,1705,"Keith Hudson","9462 Phasellus Rd.",Tuscaloosa,Alabama,815-350-8738,513-63-07,B492D07C-2376-8499-FA96-E71563DBF689
108,"SOL AZTECA RESTAURANT","727-6430 Imperdiet Rd.",Tuscaloosa,Alabama,167-661-0191,844222-4211,1705,"Keith Hudson","9462 Phasellus Rd.",Tuscaloosa,Alabama,815-350-8738,513-63-07,B492D07C-2376-8499-FA96-E71563DBF689
173,"THE GREENE TURTLE","805-6530 Arcu. Avenue",Tuscaloosa,Alabama,209-487-8295,806320-3064,1705,"Keith Hudson","9462 Phasellus Rd.",Tuscaloosa,Alabama,815-350-8738,513-63-07,B492D07C-2376-8499-FA96-E71563DBF689
176,"AJI-NIPPON RESTAURANT","595-7677 Fames Av.",Huntsville,Alabama,687-179-4514,102739-1075,1705,"Keith Hudson","9462 Phasellus Rd.",Tuscaloosa,Alabama,815-350-8738,513-63-07,B492D07C-2376-8499-FA96-E71563DBF689
12,"Le Mary Céleste","P.O. Box 298, 5458 Nunc Rd.",Huntsville,Alabama,401-640-6068,498082-1021,1719,"Hu Goodman","4446 Cursus. Rd.",Tuscaloosa,Alabama,489-796-4052,646-21-08,3C4F305D-2786-9D88-F1C1-9554E78510A4
103,"Podozritelnye Litsa Bar","336-8523 Congue Road",Tuscaloosa,Alabama,814-337-7688,285412-1965,1719,"Hu Goodman","4446 Cursus. Rd.",Tuscaloosa,Alabama,489-796-4052,646-21-08,3C4F305D-2786-9D88-F1C1-9554E78510A4
108,"SOL AZTECA RESTAURANT","727-6430 Imperdiet Rd.",Tuscaloosa,Alabama,167-661-0191,844222-4211,1719,"Hu Goodman","4446 Cursus. Rd.",Tuscaloosa,Alabama,489-796-4052,646-21-08,3C4F305D-2786-9D88-F1C1-9554E78510A4
173,"THE GREENE TURTLE","805-6530 Arcu. Avenue",Tuscaloosa,Alabama,209-487-8295,806320-3064,1719,"Hu Goodman","4446 Cursus. Rd.",Tuscaloosa,Alabama,489-796-4052,646-21-08,3C4F305D-2786-9D88-F1C1-9554E78510A4
176,"AJI-NIPPON RESTAURANT","595-7677 Fames Av.",Huntsville,Alabama,687-179-4514,102739-1075,1719,"Hu Goodman","4446 Cursus. Rd.",Tuscaloosa,Alabama,489-796-4052,646-21-08,3C4F305D-2786-9D88-F1C1-9554E78510A4
12,"Le Mary Céleste","P.O. Box 298, 5458 Nunc Rd.",Huntsville,Alabama,401-640-6068,498082-1021,1813,"Brittany Riggs","P.O. Box 566, 4726 Augue Avenue",Montgomery,Alabama,986-848-0396,822-35-02,C1B66643-261D-02D1-A5C6-CA0D1EB1BF2F
103,"Podozritelnye Litsa Bar","336-8523 Congue Road",Tuscaloosa,Alabama,814-337-7688,285412-1965,1813,"Brittany Riggs","P.O. Box 566, 4726 Augue Avenue",Montgomery,Alabama,986-848-0396,822-35-02,C1B66643-261D-02D1-A5C6-CA0D1EB1BF2F
108,"SOL AZTECA RESTAURANT","727-6430 Imperdiet Rd.",Tuscaloosa,Alabama,167-661-0191,844222-4211,1813,"Brittany Riggs","P.O. Box 566, 4726 Augue Avenue",Montgomery,Alabama,986-848-0396,822-35-02,C1B66643-261D-02D1-A5C6-CA0D1EB1BF2F
173,"THE GREENE TURTLE","805-6530 Arcu. Avenue",Tuscaloosa,Alabama,209-487-8295,806320-3064,1813,"Brittany Riggs","P.O. Box 566, 4726 Augue Avenue",Montgomery,Alabama,986-848-0396,822-35-02,C1B66643-261D-02D1-A5C6-CA0D1EB1BF2F
176,"AJI-NIPPON RESTAURANT","595-7677 Fames Av.",Huntsville,Alabama,687-179-4514,102739-1075,1813,"Brittany Riggs","P.O. Box 566, 4726 Augue Avenue",Montgomery,Alabama,986-848-0396,822-35-02,C1B66643-261D-02D1-A5C6-CA0D1EB1BF2F
12,"Le Mary Céleste","P.O. Box 298, 5458 Nunc Rd.",Huntsville,Alabama,401-640-6068,498082-1021,1939,"Noah Wilder","P.O. Box 370, 1418 Placerat. Ave",Tuscaloosa,Alabama,284-707-0449,033-97-05,9179EEEE-7DAB-1258-4F45-1D8058704E15
103,"Podozritelnye Litsa Bar","336-8523 Congue Road",Tuscaloosa,Alabama,814-337-7688,285412-1965,1939,"Noah Wilder","P.O. Box 370, 1418 Placerat. Ave",Tuscaloosa,Alabama,284-707-0449,033-97-05,9179EEEE-7DAB-1258-4F45-1D8058704E15
108,"SOL AZTECA RESTAURANT","727-6430 Imperdiet Rd.",Tuscaloosa,Alabama,167-661-0191,844222-4211,1939,"Noah Wilder","P.O. Box 370, 1418 Placerat. Ave",Tuscaloosa,Alabama,284-707-0449,033-97-05,9179EEEE-7DAB-1258-4F45-1D8058704E15
173,"THE GREENE TURTLE","805-6530 Arcu. Avenue",Tuscaloosa,Alabama,209-487-8295,806320-3064,1939,"Noah Wilder","P.O. Box 370, 1418 Placerat. Ave",Tuscaloosa,Alabama,284-707-0449,033-97-05,9179EEEE-7DAB-1258-4F45-1D8058704E15
176,"AJI-NIPPON RESTAURANT","595-7677 Fames Av.",Huntsville,Alabama,687-179-4514,102739-1075,1939,"Noah Wilder","P.O. Box 370, 1418 Placerat. Ave",Tuscaloosa,Alabama,284-707-0449,033-97-05,9179EEEE-7DAB-1258-4F45-1D8058704E15
12,"Le Mary Céleste","P.O. Box 298, 5458 Nunc Rd.",Huntsville,Alabama,401-640-6068,498082-1021,2027,"Driscoll Marquez","P.O. Box 439, 8865 Iaculis Street",Huntsville,Alabama,332-878-0499,499-91-03,9A15E80F-E1D3-421C-B4D2-0FBB730270B4
103,"Podozritelnye Litsa Bar","336-8523 Congue Road",Tuscaloosa,Alabama,814-337-7688,285412-1965,2027,"Driscoll Marquez","P.O. Box 439, 8865 Iaculis Street",Huntsville,Alabama,332-878-0499,499-91-03,9A15E80F-E1D3-421C-B4D2-0FBB730270B4
108,"SOL AZTECA RESTAURANT","727-6430 Imperdiet Rd.",Tuscaloosa,Alabama,167-661-0191,844222-4211,2027,"Driscoll Marquez","P.O. Box 439, 8865 Iaculis Street",Huntsville,Alabama,332-878-0499,499-91-03,9A15E80F-E1D3-421C-B4D2-0FBB730270B4
173,"THE GREENE TURTLE","805-6530 Arcu. Avenue",Tuscaloosa,Alabama,209-487-8295,806320-3064,2027,"Driscoll Marquez","P.O. Box 439, 8865 Iaculis Street",Huntsville,Alabama,332-878-0499,499-91-03,9A15E80F-E1D3-421C-B4D2-0FBB730270B4
176,"AJI-NIPPON RESTAURANT","595-7677 Fames Av.",Huntsville,Alabama,687-179-4514,102739-1075,2027,"Driscoll Marquez","P.O. Box 439, 8865 Iaculis Street",Huntsville,Alabama,332-878-0499,499-91-03,9A15E80F-E1D3-421C-B4D2-0FBB730270B4
12,"Le Mary Céleste","P.O. Box 298, 5458 Nunc Rd.",Huntsville,Alabama,401-640-6068,498082-1021,2091,"Brianna Deleon","Ap #854-2047 Bibendum Ave",Huntsville,Alabama,440-423-6690,673-53-07,67CA0BB9-2E0C-949A-D10A-8C3541F3374E
103,"Podozritelnye Litsa Bar","336-8523 Congue Road",Tuscaloosa,Alabama,814-337-7688,285412-1965,2091,"Brianna Deleon","Ap #854-2047 Bibendum Ave",Huntsville,Alabama,440-423-6690,673-53-07,67CA0BB9-2E0C-949A-D10A-8C3541F3374E
108,"SOL AZTECA RESTAURANT","727-6430 Imperdiet Rd.",Tuscaloosa,Alabama,167-661-0191,844222-4211,2091,"Brianna Deleon","Ap #854-2047 Bibendum Ave",Huntsville,Alabama,440-423-6690,673-53-07,67CA0BB9-2E0C-949A-D10A-8C3541F3374E
173,"THE GREENE TURTLE","805-6530 Arcu. Avenue",Tuscaloosa,Alabama,209-487-8295,806320-3064,2091,"Brianna Deleon","Ap #854-2047 Bibendum Ave",Huntsville,Alabama,440-423-6690,673-53-07,67CA0BB9-2E0C-949A-D10A-8C3541F3374E
176,"AJI-NIPPON RESTAURANT","595-7677 Fames Av.",Huntsville,Alabama,687-179-4514,102739-1075,2091,"Brianna Deleon","Ap #854-2047 Bibendum Ave",Huntsville,Alabama,440-423-6690,673-53-07,67CA0BB9-2E0C-949A-D10A-8C3541F3374E
12,"Le Mary Céleste","P.O. Box 298, 5458 Nunc Rd.",Huntsville,Alabama,401-640-6068,498082-1021,2110,"Emery Pugh","Ap #802-9249 Nunc St.",Birmingham,Alabama,352-412-2837,285-20-01,5E67859A-1DAC-0643-1D01-039B281F7100
103,"Podozritelnye Litsa Bar","336-8523 Congue Road",Tuscaloosa,Alabama,814-337-7688,285412-1965,2110,"Emery Pugh","Ap #802-9249 Nunc St.",Birmingham,Alabama,352-412-2837,285-20-01,5E67859A-1DAC-0643-1D01-039B281F7100
108,"SOL AZTECA RESTAURANT","727-6430 Imperdiet Rd.",Tuscaloosa,Alabama,167-661-0191,844222-4211,2110,"Emery Pugh","Ap #802-9249 Nunc St.",Birmingham,Alabama,352-412-2837,285-20-01,5E67859A-1DAC-0643-1D01-039B281F7100
173,"THE GREENE TURTLE","805-6530 Arcu. Avenue",Tuscaloosa,Alabama,209-487-8295,806320-3064,2110,"Emery Pugh","Ap #802-9249 Nunc St.",Birmingham,Alabama,352-412-2837,285-20-01,5E67859A-1DAC-0643-1D01-039B281F7100
176,"AJI-NIPPON RESTAURANT","595-7677 Fames Av.",Huntsville,Alabama,687-179-4514,102739-1075,2110,"Emery Pugh","Ap #802-9249 Nunc St.",Birmingham,Alabama,352-412-2837,285-20-01,5E67859A-1DAC-0643-1D01-039B281F7100
12,"Le Mary Céleste","P.O. Box 298, 5458 Nunc Rd.",Huntsville,Alabama,401-640-6068,498082-1021,2125,"Martena Pruitt","P.O. Box 447, 2899 Etiam St.",Mobile,Alabama,162-961-2588,317-62-02,1BAF8202-6244-5C7C-4C6B-637665DFC28B
103,"Podozritelnye Litsa Bar","336-8523 Congue Road",Tuscaloosa,Alabama,814-337-7688,285412-1965,2125,"Martena Pruitt","P.O. Box 447, 2899 Etiam St.",Mobile,Alabama,162-961-2588,317-62-02,1BAF8202-6244-5C7C-4C6B-637665DFC28B
108,"SOL AZTECA RESTAURANT","727-6430 Imperdiet Rd.",Tuscaloosa,Alabama,167-661-0191,844222-4211,2125,"Martena Pruitt","P.O. Box 447, 2899 Etiam St.",Mobile,Alabama,162-961-2588,317-62-02,1BAF8202-6244-5C7C-4C6B-637665DFC28B
173,"THE GREENE TURTLE","805-6530 Arcu. Avenue",Tuscaloosa,Alabama,209-487-8295,806320-3064,2125,"Martena Pruitt","P.O. Box 447, 2899 Etiam St.",Mobile,Alabama,162-961-2588,317-62-02,1BAF8202-6244-5C7C-4C6B-637665DFC28B
176,"AJI-NIPPON RESTAURANT","595-7677 Fames Av.",Huntsville,Alabama,687-179-4514,102739-1075,2125,"Martena Pruitt","P.O. Box 447, 2899 Etiam St.",Mobile,Alabama,162-961-2588,317-62-02,1BAF8202-6244-5C7C-4C6B-637665DFC28B
12,"Le Mary Céleste","P.O. Box 298, 5458 Nunc Rd.",Huntsville,Alabama,401-640-6068,498082-1021,2137,"Fuller Ballard","Ap #205-1272 A Street",Mobile,Alabama,606-978-8715,223-07-05,B6368901-9190-0901-BB2A-F2DA621A90B3
103,"Podozritelnye Litsa Bar","336-8523 Congue Road",Tuscaloosa,Alabama,814-337-7688,285412-1965,2137,"Fuller Ballard","Ap #205-1272 A Street",Mobile,Alabama,606-978-8715,223-07-05,B6368901-9190-0901-BB2A-F2DA621A90B3
108,"SOL AZTECA RESTAURANT","727-6430 Imperdiet Rd.",Tuscaloosa,Alabama,167-661-0191,844222-4211,2137,"Fuller Ballard","Ap #205-1272 A Street",Mobile,Alabama,606-978-8715,223-07-05,B6368901-9190-0901-BB2A-F2DA621A90B3
173,"THE GREENE TURTLE","805-6530 Arcu. Avenue",Tuscaloosa,Alabama,209-487-8295,806320-3064,2137,"Fuller Ballard","Ap #205-1272 A Street",Mobile,Alabama,606-978-8715,223-07-05,B6368901-9190-0901-BB2A-F2DA621A90B3
176,"AJI-NIPPON RESTAURANT","595-7677 Fames Av.",Huntsville,Alabama,687-179-4514,102739-1075,2137,"Fuller Ballard","Ap #205-1272 A Street",Mobile,Alabama,606-978-8715,223-07-05,B6368901-9190-0901-BB2A-F2DA621A90B3
12,"Le Mary Céleste","P.O. Box 298, 5458 Nunc Rd.",Huntsville,Alabama,401-640-6068,498082-1021,2141,"Thomas Stanton","9518 Phasellus Avenue",Birmingham,Alabama,807-846-7486,463-13-08,C0D85563-6CFB-0302-AF47-EA5964B81E39
103,"Podozritelnye Litsa Bar","336-8523 Congue Road",Tuscaloosa,Alabama,814-337-7688,285412-1965,2141,"Thomas Stanton","9518 Phasellus Avenue",Birmingham,Alabama,807-846-7486,463-13-08,C0D85563-6CFB-0302-AF47-EA5964B81E39
108,"SOL AZTECA RESTAURANT","727-6430 Imperdiet Rd.",Tuscaloosa,Alabama,167-661-0191,844222-4211,2141,"Thomas Stanton","9518 Phasellus Avenue",Birmingham,Alabama,807-846-7486,463-13-08,C0D85563-6CFB-0302-AF47-EA5964B81E39
173,"THE GREENE TURTLE","805-6530 Arcu. Avenue",Tuscaloosa,Alabama,209-487-8295,806320-3064,2141,"Thomas Stanton","9518 Phasellus Avenue",Birmingham,Alabama,807-846-7486,463-13-08,C0D85563-6CFB-0302-AF47-EA5964B81E39
176,"AJI-NIPPON RESTAURANT","595-7677 Fames Av.",Huntsville,Alabama,687-179-4514,102739-1075,2141,"Thomas Stanton","9518 Phasellus Avenue",Birmingham,Alabama,807-846-7486,463-13-08,C0D85563-6CFB-0302-AF47-EA5964B81E39
12,"Le Mary Céleste","P.O. Box 298, 5458 Nunc Rd.",Huntsville,Alabama,401-640-6068,498082-1021,2182,"Emerald Buck","632-5858 Convallis, Street",Mobile,Alabama,920-916-5337,366-83-08,5B5EC0CA-F297-D53A-9563-E7D2019138D3
103,"Podozritelnye Litsa Bar","336-8523 Congue Road",Tuscaloosa,Alabama,814-337-7688,285412-1965,2182,"Emerald Buck","632-5858 Convallis, Street",Mobile,Alabama,920-916-5337,366-83-08,5B5EC0CA-F297-D53A-9563-E7D2019138D3
108,"SOL AZTECA RESTAURANT","727-6430 Imperdiet Rd.",Tuscaloosa,Alabama,167-661-0191,844222-4211,2182,"Emerald Buck","632-5858 Convallis, Street",Mobile,Alabama,920-916-5337,366-83-08,5B5EC0CA-F297-D53A-9563-E7D2019138D3
173,"THE GREENE TURTLE","805-6530 Arcu. Avenue",Tuscaloosa,Alabama,209-487-8295,806320-3064,2182,"Emerald Buck","632-5858 Convallis, Street",Mobile,Alabama,920-916-5337,366-83-08,5B5EC0CA-F297-D53A-9563-E7D2019138D3
176,"AJI-NIPPON RESTAURANT","595-7677 Fames Av.",Huntsville,Alabama,687-179-4514,102739-1075,2182,"Emerald Buck","632-5858 Convallis, Street",Mobile,Alabama,920-916-5337,366-83-08,5B5EC0CA-F297-D53A-9563-E7D2019138D3
12,"Le Mary Céleste","P.O. Box 298, 5458 Nunc Rd.",Huntsville,Alabama,401-640-6068,498082-1021,2223,"Drew Davis","773-5868 Gravida. St.",Tuscaloosa,Alabama,878-275-2581,719-94-01,6C8B5C47-8C35-1BD5-B686-E0EC5963F82B
103,"Podozritelnye Litsa Bar","336-8523 Congue Road",Tuscaloosa,Alabama,814-337-7688,285412-1965,2223,"Drew Davis","773-5868 Gravida. St.",Tuscaloosa,Alabama,878-275-2581,719-94-01,6C8B5C47-8C35-1BD5-B686-E0EC5963F82B
108,"SOL AZTECA RESTAURANT","727-6430 Imperdiet Rd.",Tuscaloosa,Alabama,167-661-0191,844222-4211,2223,"Drew Davis","773-5868 Gravida. St.",Tuscaloosa,Alabama,878-275-2581,719-94-01,6C8B5C47-8C35-1BD5-B686-E0EC5963F82B
173,"THE GREENE TURTLE","805-6530 Arcu. Avenue",Tuscaloosa,Alabama,209-487-8295,806320-3064,2223,"Drew Davis","773-5868 Gravida. St.",Tuscaloosa,Alabama,878-275-2581,719-94-01,6C8B5C47-8C35-1BD5-B686-E0EC5963F82B
176,"AJI-NIPPON RESTAURANT","595-7677 Fames Av.",Huntsville,Alabama,687-179-4514,102739-1075,2223,"Drew Davis","773-5868 Gravida. St.",Tuscaloosa,Alabama,878-275-2581,719-94-01,6C8B5C47-8C35-1BD5-B686-E0EC5963F82B
12,"Le Mary Céleste","P.O. Box 298, 5458 Nunc Rd.",Huntsville,Alabama,401-640-6068,498082-1021,2234,"Rowan Acosta","792-463 Amet, St.",Montgomery,Alabama,362-980-5315,797-07-01,1897CEF2-86ED-9E35-B47E-0CF0ECFDEB8E
103,"Podozritelnye Litsa Bar","336-8523 Congue Road",Tuscaloosa,Alabama,814-337-7688,285412-1965,2234,"Rowan Acosta","792-463 Amet, St.",Montgomery,Alabama,362-980-5315,797-07-01,1897CEF2-86ED-9E35-B47E-0CF0ECFDEB8E
108,"SOL AZTECA RESTAURANT","727-6430 Imperdiet Rd.",Tuscaloosa,Alabama,167-661-0191,844222-4211,2234,"Rowan Acosta","792-463 Amet, St.",Montgomery,Alabama,362-980-5315,797-07-01,1897CEF2-86ED-9E35-B47E-0CF0ECFDEB8E
173,"THE GREENE TURTLE","805-6530 Arcu. Avenue",Tuscaloosa,Alabama,209-487-8295,806320-3064,2234,"Rowan Acosta","792-463 Amet, St.",Montgomery,Alabama,362-980-5315,797-07-01,1897CEF2-86ED-9E35-B47E-0CF0ECFDEB8E
176,"AJI-NIPPON RESTAURANT","595-7677 Fames Av.",Huntsville,Alabama,687-179-4514,102739-1075,2234,"Rowan Acosta","792-463 Amet, St.",Montgomery,Alabama,362-980-5315,797-07-01,1897CEF2-86ED-9E35-B47E-0CF0ECFDEB8E
12,"Le Mary Céleste","P.O. Box 298, 5458 Nunc Rd.",Huntsville,Alabama,401-640-6068,498082-1021,2341,"Adena Stevenson","234-5632 Sed, Rd.",Tuscaloosa,Alabama,318-673-3896,824-38-02,7ED69A0E-E2D5-540F-94E7-8506A7491D34
103,"Podozritelnye Litsa Bar","336-8523 Congue Road",Tuscaloosa,Alabama,814-337-7688,285412-1965,2341,"Adena Stevenson","234-5632 Sed, Rd.",Tuscaloosa,Alabama,318-673-3896,824-38-02,7ED69A0E-E2D5-540F-94E7-8506A7491D34
108,"SOL AZTECA RESTAURANT","727-6430 Imperdiet Rd.",Tuscaloosa,Alabama,167-661-0191,844222-4211,2341,"Adena Stevenson","234-5632 Sed, Rd.",Tuscaloosa,Alabama,318-673-3896,824-38-02,7ED69A0E-E2D5-540F-94E7-8506A7491D34
173,"THE GREENE TURTLE","805-6530 Arcu. Avenue",Tuscaloosa,Alabama,209-487-8295,806320-3064,2341,"Adena Stevenson","234-5632 Sed, Rd.",Tuscaloosa,Alabama,318-673-3896,824-38-02,7ED69A0E-E2D5-540F-94E7-8506A7491D34
176,"AJI-NIPPON RESTAURANT","595-7677 Fames Av.",Huntsville,Alabama,687-179-4514,102739-1075,2341,"Adena Stevenson","234-5632 Sed, Rd.",Tuscaloosa,Alabama,318-673-3896,824-38-02,7ED69A0E-E2D5-540F-94E7-8506A7491D34
12,"Le Mary Céleste","P.O. Box 298, 5458 Nunc Rd.",Huntsville,Alabama,401-640-6068,498082-1021,2403,"Veronica Townsend","460-2628 Lectus Ave",Tuscaloosa,Alabama,590-479-4789,597-69-09,E9225F05-069C-24BC-D993-844ACFFC90C3
103,"Podozritelnye Litsa Bar","336-8523 Congue Road",Tuscaloosa,Alabama,814-337-7688,285412-1965,2403,"Veronica Townsend","460-2628 Lectus Ave",Tuscaloosa,Alabama,590-479-4789,597-69-09,E9225F05-069C-24BC-D993-844ACFFC90C3
108,"SOL AZTECA RESTAURANT","727-6430 Imperdiet Rd.",Tuscaloosa,Alabama,167-661-0191,844222-4211,2403,"Veronica Townsend","460-2628 Lectus Ave",Tuscaloosa,Alabama,590-479-4789,597-69-09,E9225F05-069C-24BC-D993-844ACFFC90C3
173,"THE GREENE TURTLE","805-6530 Arcu. Avenue",Tuscaloosa,Alabama,209-487-8295,806320-3064,2403,"Veronica Townsend","460-2628 Lectus Ave",Tuscaloosa,Alabama,590-479-4789,597-69-09,E9225F05-069C-24BC-D993-844ACFFC90C3
176,"AJI-NIPPON RESTAURANT","595-7677 Fames Av.",Huntsville,Alabama,687-179-4514,102739-1075,2403,"Veronica Townsend","460-2628 Lectus Ave",Tuscaloosa,Alabama,590-479-4789,597-69-09,E9225F05-069C-24BC-D993-844ACFFC90C3
12,"Le Mary Céleste","P.O. Box 298, 5458 Nunc Rd.",Huntsville,Alabama,401-640-6068,498082-1021,2413,"Ferdinand Solis","3143 Ultricies Rd.",Tuscaloosa,Alabama,528-648-9960,161-27-08,152EDED2-D428-8DCD-EEFC-8A983CE9329A
103,"Podozritelnye Litsa Bar","336-8523 Congue Road",Tuscaloosa,Alabama,814-337-7688,285412-1965,2413,"Ferdinand Solis","3143 Ultricies Rd.",Tuscaloosa,Alabama,528-648-9960,161-27-08,152EDED2-D428-8DCD-EEFC-8A983CE9329A
108,"SOL AZTECA RESTAURANT","727-6430 Imperdiet Rd.",Tuscaloosa,Alabama,167-661-0191,844222-4211,2413,"Ferdinand Solis","3143 Ultricies Rd.",Tuscaloosa,Alabama,528-648-9960,161-27-08,152EDED2-D428-8DCD-EEFC-8A983CE9329A
173,"THE GREENE TURTLE","805-6530 Arcu. Avenue",Tuscaloosa,Alabama,209-487-8295,806320-3064,2413,"Ferdinand Solis","3143 Ultricies Rd.",Tuscaloosa,Alabama,528-648-9960,161-27-08,152EDED2-D428-8DCD-EEFC-8A983CE9329A
176,"AJI-NIPPON RESTAURANT","595-7677 Fames Av.",Huntsville,Alabama,687-179-4514,102739-1075,2413,"Ferdinand Solis","3143 Ultricies Rd.",Tuscaloosa,Alabama,528-648-9960,161-27-08,152EDED2-D428-8DCD-EEFC-8A983CE9329A
12,"Le Mary Céleste","P.O. Box 298, 5458 Nunc Rd.",Huntsville,Alabama,401-640-6068,498082-1021,2432,"Noelle Hanson","1723 Velit Street",Huntsville,Alabama,582-208-1538,140-25-03,798BA4D9-844B-C6E0-F55E-95804B39761F
103,"Podozritelnye Litsa Bar","336-8523 Congue Road",Tuscaloosa,Alabama,814-337-7688,285412-1965,2432,"Noelle Hanson","1723 Velit Street",Huntsville,Alabama,582-208-1538,140-25-03,798BA4D9-844B-C6E0-F55E-95804B39761F
108,"SOL AZTECA RESTAURANT","727-6430 Imperdiet Rd.",Tuscaloosa,Alabama,167-661-0191,844222-4211,2432,"Noelle Hanson","1723 Velit Street",Huntsville,Alabama,582-208-1538,140-25-03,798BA4D9-844B-C6E0-F55E-95804B39761F
173,"THE GREENE TURTLE","805-6530 Arcu. Avenue",Tuscaloosa,Alabama,209-487-8295,806320-3064,2432,"Noelle Hanson","1723 Velit Street",Huntsville,Alabama,582-208-1538,140-25-03,798BA4D9-844B-C6E0-F55E-95804B39761F
176,"AJI-NIPPON RESTAURANT","595-7677 Fames Av.",Huntsville,Alabama,687-179-4514,102739-1075,2432,"Noelle Hanson","1723 Velit Street",Huntsville,Alabama,582-208-1538,140-25-03,798BA4D9-844B-C6E0-F55E-95804B39761F
12,"Le Mary Céleste","P.O. Box 298, 5458 Nunc Rd.",Huntsville,Alabama,401-640-6068,498082-1021,2441,"Frances Rosa","P.O. Box 176, 8787 Auctor Av.",Huntsville,Alabama,396-764-8845,584-09-08,F154A927-911F-485F-63E3-8FA39B9E158D
103,"Podozritelnye Litsa Bar","336-8523 Congue Road",Tuscaloosa,Alabama,814-337-7688,285412-1965,2441,"Frances Rosa","P.O. Box 176, 8787 Auctor Av.",Huntsville,Alabama,396-764-8845,584-09-08,F154A927-911F-485F-63E3-8FA39B9E158D
108,"SOL AZTECA RESTAURANT","727-6430 Imperdiet Rd.",Tuscaloosa,Alabama,167-661-0191,844222-4211,2441,"Frances Rosa","P.O. Box 176, 8787 Auctor Av.",Huntsville,Alabama,396-764-8845,584-09-08,F154A927-911F-485F-63E3-8FA39B9E158D
173,"THE GREENE TURTLE","805-6530 Arcu. Avenue",Tuscaloosa,Alabama,209-487-8295,806320-3064,2441,"Frances Rosa","P.O. Box 176, 8787 Auctor Av.",Huntsville,Alabama,396-764-8845,584-09-08,F154A927-911F-485F-63E3-8FA39B9E158D
176,"AJI-NIPPON RESTAURANT","595-7677 Fames Av.",Huntsville,Alabama,687-179-4514,102739-1075,2441,"Frances Rosa","P.O. Box 176, 8787 Auctor Av.",Huntsville,Alabama,396-764-8845,584-09-08,F154A927-911F-485F-63E3-8FA39B9E158D
12,"Le Mary Céleste","P.O. Box 298, 5458 Nunc Rd.",Huntsville,Alabama,401-640-6068,498082-1021,2462,"Abraham Watson","Ap #168-3987 Pede Av.",Mobile,Alabama,121-695-1057,719-59-09,94809531-83E9-34B0-B38B-7D88B126C05C
103,"Podozritelnye Litsa Bar","336-8523 Congue Road",Tuscaloosa,Alabama,814-337-7688,285412-1965,2462,"Abraham Watson","Ap #168-3987 Pede Av.",Mobile,Alabama,121-695-1057,719-59-09,94809531-83E9-34B0-B38B-7D88B126C05C
108,"SOL AZTECA RESTAURANT","727-6430 Imperdiet Rd.",Tuscaloosa,Alabama,167-661-0191,844222-4211,2462,"Abraham Watson","Ap #168-3987 Pede Av.",Mobile,Alabama,121-695-1057,719-59-09,94809531-83E9-34B0-B38B-7D88B126C05C
173,"THE GREENE TURTLE","805-6530 Arcu. Avenue",Tuscaloosa,Alabama,209-487-8295,806320-3064,2462,"Abraham Watson","Ap #168-3987 Pede Av.",Mobile,Alabama,121-695-1057,719-59-09,94809531-83E9-34B0-B38B-7D88B126C05C
176,"AJI-NIPPON RESTAURANT","595-7677 Fames Av.",Huntsville,Alabama,687-179-4514,102739-1075,2462,"Abraham Watson","Ap #168-3987 Pede Av.",Mobile,Alabama,121-695-1057,719-59-09,94809531-83E9-34B0-B38B-7D88B126C05C
12,"Le Mary Céleste","P.O. Box 298, 5458 Nunc Rd.",Huntsville,Alabama,401-640-6068,498082-1021,2508,"Zachary Mercer","761-4552 Sociis Avenue",Mobile,Alabama,277-624-3858,007-09-06,986D7860-A0C9-10A2-6885-8B89967B1D5D
103,"Podozritelnye Litsa Bar","336-8523 Congue Road",Tuscaloosa,Alabama,814-337-7688,285412-1965,2508,"Zachary Mercer","761-4552 Sociis Avenue",Mobile,Alabama,277-624-3858,007-09-06,986D7860-A0C9-10A2-6885-8B89967B1D5D
108,"SOL AZTECA RESTAURANT","727-6430 Imperdiet Rd.",Tuscaloosa,Alabama,167-661-0191,844222-4211,2508,"Zachary Mercer","761-4552 Sociis Avenue",Mobile,Alabama,277-624-3858,007-09-06,986D7860-A0C9-10A2-6885-8B89967B1D5D
173,"THE GREENE TURTLE","805-6530 Arcu. Avenue",Tuscaloosa,Alabama,209-487-8295,806320-3064,2508,"Zachary Mercer","761-4552 Sociis Avenue",Mobile,Alabama,277-624-3858,007-09-06,986D7860-A0C9-10A2-6885-8B89967B1D5D
176,"AJI-NIPPON RESTAURANT","595-7677 Fames Av.",Huntsville,Alabama,687-179-4514,102739-1075,2508,"Zachary Mercer","761-4552 Sociis Avenue",Mobile,Alabama,277-624-3858,007-09-06,986D7860-A0C9-10A2-6885-8B89967B1D5D
12,"Le Mary Céleste","P.O. Box 298, 5458 Nunc Rd.",Huntsville,Alabama,401-640-6068,498082-1021,2562,"Adele Tillman","Ap #517-4345 Leo Road",Huntsville,Alabama,536-145-3244,664-02-06,D86AE00E-F8F2-D5CA-F389-F96F678DC6F1
103,"Podozritelnye Litsa Bar","336-8523 Congue Road",Tuscaloosa,Alabama,814-337-7688,285412-1965,2562,"Adele Tillman","Ap #517-4345 Leo Road",Huntsville,Alabama,536-145-3244,664-02-06,D86AE00E-F8F2-D5CA-F389-F96F678DC6F1
108,"SOL AZTECA RESTAURANT","727-6430 Imperdiet Rd.",Tuscaloosa,Alabama,167-661-0191,844222-4211,2562,"Adele Tillman","Ap #517-4345 Leo Road",Huntsville,Alabama,536-145-3244,664-02-06,D86AE00E-F8F2-D5CA-F389-F96F678DC6F1
173,"THE GREENE TURTLE","805-6530 Arcu. Avenue",Tuscaloosa,Alabama,209-487-8295,806320-3064,2562,"Adele Tillman","Ap #517-4345 Leo Road",Huntsville,Alabama,536-145-3244,664-02-06,D86AE00E-F8F2-D5CA-F389-F96F678DC6F1
176,"AJI-NIPPON RESTAURANT","595-7677 Fames Av.",Huntsville,Alabama,687-179-4514,102739-1075,2562,"Adele Tillman","Ap #517-4345 Leo Road",Huntsville,Alabama,536-145-3244,664-02-06,D86AE00E-F8F2-D5CA-F389-F96F678DC6F1
12,"Le Mary Céleste","P.O. Box 298, 5458 Nunc Rd.",Huntsville,Alabama,401-640-6068,498082-1021,2599,"Shana Adkins","Ap #920-9864 Augue Street",Birmingham,Alabama,721-504-8090,402-25-04,A73406D1-E73C-91C2-18C5-F8799C7DDC25
103,"Podozritelnye Litsa Bar","336-8523 Congue Road",Tuscaloosa,Alabama,814-337-7688,285412-1965,2599,"Shana Adkins","Ap #920-9864 Augue Street",Birmingham,Alabama,721-504-8090,402-25-04,A73406D1-E73C-91C2-18C5-F8799C7DDC25
108,"SOL AZTECA RESTAURANT","727-6430 Imperdiet Rd.",Tuscaloosa,Alabama,167-661-0191,844222-4211,2599,"Shana Adkins","Ap #920-9864 Augue Street",Birmingham,Alabama,721-504-8090,402-25-04,A73406D1-E73C-91C2-18C5-F8799C7DDC25
173,"THE GREENE TURTLE","805-6530 Arcu. Avenue",Tuscaloosa,Alabama,209-487-8295,806320-3064,2599,"Shana Adkins","Ap #920-9864 Augue Street",Birmingham,Alabama,721-504-8090,402-25-04,A73406D1-E73C-91C2-18C5-F8799C7DDC25
176,"AJI-NIPPON RESTAURANT","595-7677 Fames Av.",Huntsville,Alabama,687-179-4514,102739-1075,2599,"Shana Adkins","Ap #920-9864 Augue Street",Birmingham,Alabama,721-504-8090,402-25-04,A73406D1-E73C-91C2-18C5-F8799C7DDC25
12,"Le Mary Céleste","P.O. Box 298, 5458 Nunc Rd.",Huntsville,Alabama,401-640-6068,498082-1021,2637,"Noel Reese","8757 Morbi Road",Huntsville,Alabama,288-377-3461,467-25-04,D83FE6CF-EAFB-CB96-191D-0553496EE7C1
103,"Podozritelnye Litsa Bar","336-8523 Congue Road",Tuscaloosa,Alabama,814-337-7688,285412-1965,2637,"Noel Reese","8757 Morbi Road",Huntsville,Alabama,288-377-3461,467-25-04,D83FE6CF-EAFB-CB96-191D-0553496EE7C1
108,"SOL AZTECA RESTAURANT","727-6430 Imperdiet Rd.",Tuscaloosa,Alabama,167-661-0191,844222-4211,2637,"Noel Reese","8757 Morbi Road",Huntsville,Alabama,288-377-3461,467-25-04,D83FE6CF-EAFB-CB96-191D-0553496EE7C1
173,"THE GREENE TURTLE","805-6530 Arcu. Avenue",Tuscaloosa,Alabama,209-487-8295,806320-3064,2637,"Noel Reese","8757 Morbi Road",Huntsville,Alabama,288-377-3461,467-25-04,D83FE6CF-EAFB-CB96-191D-0553496EE7C1
176,"AJI-NIPPON RESTAURANT","595-7677 Fames Av.",Huntsville,Alabama,687-179-4514,102739-1075,2637,"Noel Reese","8757 Morbi Road",Huntsville,Alabama,288-377-3461,467-25-04,D83FE6CF-EAFB-CB96-191D-0553496EE7C1
12,"Le Mary Céleste","P.O. Box 298, 5458 Nunc Rd.",Huntsville,Alabama,401-640-6068,498082-1021,2667,"Suki Vasquez","Ap #507-1600 Ornare Road",Tuscaloosa,Alabama,752-150-7238,006-76-07,AED7687E-C9B2-28AD-3CFB-CEC211F63187
103,"Podozritelnye Litsa Bar","336-8523 Congue Road",Tuscaloosa,Alabama,814-337-7688,285412-1965,2667,"Suki Vasquez","Ap #507-1600 Ornare Road",Tuscaloosa,Alabama,752-150-7238,006-76-07,AED7687E-C9B2-28AD-3CFB-CEC211F63187
108,"SOL AZTECA RESTAURANT","727-6430 Imperdiet Rd.",Tuscaloosa,Alabama,167-661-0191,844222-4211,2667,"Suki Vasquez","Ap #507-1600 Ornare Road",Tuscaloosa,Alabama,752-150-7238,006-76-07,AED7687E-C9B2-28AD-3CFB-CEC211F63187
173,"THE GREENE TURTLE","805-6530 Arcu. Avenue",Tuscaloosa,Alabama,209-487-8295,806320-3064,2667,"Suki Vasquez","Ap #507-1600 Ornare Road",Tuscaloosa,Alabama,752-150-7238,006-76-07,AED7687E-C9B2-28AD-3CFB-CEC211F63187
176,"AJI-NIPPON RESTAURANT","595-7677 Fames Av.",Huntsville,Alabama,687-179-4514,102739-1075,2667,"Suki Vasquez","Ap #507-1600 Ornare Road",Tuscaloosa,Alabama,752-150-7238,006-76-07,AED7687E-C9B2-28AD-3CFB-CEC211F63187
12,"Le Mary Céleste","P.O. Box 298, 5458 Nunc Rd.",Huntsville,Alabama,401-640-6068,498082-1021,2724,"Dominic Fowler","P.O. Box 807, 7931 Eu Rd.",Birmingham,Alabama,542-707-6023,868-60-09,6E4CE175-A4EC-6D72-C4EA-BA2A0AE794CE
103,"Podozritelnye Litsa Bar","336-8523 Congue Road",Tuscaloosa,Alabama,814-337-7688,285412-1965,2724,"Dominic Fowler","P.O. Box 807, 7931 Eu Rd.",Birmingham,Alabama,542-707-6023,868-60-09,6E4CE175-A4EC-6D72-C4EA-BA2A0AE794CE
108,"SOL AZTECA RESTAURANT","727-6430 Imperdiet Rd.",Tuscaloosa,Alabama,167-661-0191,844222-4211,2724,"Dominic Fowler","P.O. Box 807, 7931 Eu Rd.",Birmingham,Alabama,542-707-6023,868-60-09,6E4CE175-A4EC-6D72-C4EA-BA2A0AE794CE
173,"THE GREENE TURTLE","805-6530 Arcu. Avenue",Tuscaloosa,Alabama,209-487-8295,806320-3064,2724,"Dominic Fowler","P.O. Box 807, 7931 Eu Rd.",Birmingham,Alabama,542-707-6023,868-60-09,6E4CE175-A4EC-6D72-C4EA-BA2A0AE794CE
176,"AJI-NIPPON RESTAURANT","595-7677 Fames Av.",Huntsville,Alabama,687-179-4514,102739-1075,2724,"Dominic Fowler","P.O. Box 807, 7931 Eu Rd.",Birmingham,Alabama,542-707-6023,868-60-09,6E4CE175-A4EC-6D72-C4EA-BA2A0AE794CE
12,"Le Mary Céleste","P.O. Box 298, 5458 Nunc Rd.",Huntsville,Alabama,401-640-6068,498082-1021,2753,"Raven Porter","545-5857 Sit Street",Tuscaloosa,Alabama,956-785-0061,658-10-08,7CE0AE24-8585-276D-1B4E-0019759B8580
103,"Podozritelnye Litsa Bar","336-8523 Congue Road",Tuscaloosa,Alabama,814-337-7688,285412-1965,2753,"Raven Porter","545-5857 Sit Street",Tuscaloosa,Alabama,956-785-0061,658-10-08,7CE0AE24-8585-276D-1B4E-0019759B8580
108,"SOL AZTECA RESTAURANT","727-6430 Imperdiet Rd.",Tuscaloosa,Alabama,167-661-0191,844222-4211,2753,"Raven Porter","545-5857 Sit Street",Tuscaloosa,Alabama,956-785-0061,658-10-08,7CE0AE24-8585-276D-1B4E-0019759B8580
173,"THE GREENE TURTLE","805-6530 Arcu. Avenue",Tuscaloosa,Alabama,209-487-8295,806320-3064,2753,"Raven Porter","545-5857 Sit Street",Tuscaloosa,Alabama,956-785-0061,658-10-08,7CE0AE24-8585-276D-1B4E-0019759B8580
176,"AJI-NIPPON RESTAURANT","595-7677 Fames Av.",Huntsville,Alabama,687-179-4514,102739-1075,2753,"Raven Porter","545-5857 Sit Street",Tuscaloosa,Alabama,956-785-0061,658-10-08,7CE0AE24-8585-276D-1B4E-0019759B8580
12,"Le Mary Céleste","P.O. Box 298, 5458 Nunc Rd.",Huntsville,Alabama,401-640-6068,498082-1021,2913,"Shay Rosario","633-7244 Quisque Road",Mobile,Alabama,868-663-5738,077-20-04,C25B900A-CF58-8689-AC26-45D00A0835AD
103,"Podozritelnye Litsa Bar","336-8523 Congue Road",Tuscaloosa,Alabama,814-337-7688,285412-1965,2913,"Shay Rosario","633-7244 Quisque Road",Mobile,Alabama,868-663-5738,077-20-04,C25B900A-CF58-8689-AC26-45D00A0835AD
108,"SOL AZTECA RESTAURANT","727-6430 Imperdiet Rd.",Tuscaloosa,Alabama,167-661-0191,844222-4211,2913,"Shay Rosario","633-7244 Quisque Road",Mobile,Alabama,868-663-5738,077-20-04,C25B900A-CF58-8689-AC26-45D00A0835AD
173,"THE GREENE TURTLE","805-6530 Arcu. Avenue",Tuscaloosa,Alabama,209-487-8295,806320-3064,2913,"Shay Rosario","633-7244 Quisque Road",Mobile,Alabama,868-663-5738,077-20-04,C25B900A-CF58-8689-AC26-45D00A0835AD
176,"AJI-NIPPON RESTAURANT","595-7677 Fames Av.",Huntsville,Alabama,687-179-4514,102739-1075,2913,"Shay Rosario","633-7244 Quisque Road",Mobile,Alabama,868-663-5738,077-20-04,C25B900A-CF58-8689-AC26-45D00A0835AD
12,"Le Mary Céleste","P.O. Box 298, 5458 Nunc Rd.",Huntsville,Alabama,401-640-6068,498082-1021,3009,"McKenzie Griffin","Ap #772-1246 Enim Ave",Tuscaloosa,Alabama,889-883-2474,107-09-07,A1C72988-61B7-383C-2AEB-C80327754A5D
103,"Podozritelnye Litsa Bar","336-8523 Congue Road",Tuscaloosa,Alabama,814-337-7688,285412-1965,3009,"McKenzie Griffin","Ap #772-1246 Enim Ave",Tuscaloosa,Alabama,889-883-2474,107-09-07,A1C72988-61B7-383C-2AEB-C80327754A5D
108,"SOL AZTECA RESTAURANT","727-6430 Imperdiet Rd.",Tuscaloosa,Alabama,167-661-0191,844222-4211,3009,"McKenzie Griffin","Ap #772-1246 Enim Ave",Tuscaloosa,Alabama,889-883-2474,107-09-07,A1C72988-61B7-383C-2AEB-C80327754A5D
173,"THE GREENE TURTLE","805-6530 Arcu. Avenue",Tuscaloosa,Alabama,209-487-8295,806320-3064,3009,"McKenzie Griffin","Ap #772-1246 Enim Ave",Tuscaloosa,Alabama,889-883-2474,107-09-07,A1C72988-61B7-383C-2AEB-C80327754A5D
176,"AJI-NIPPON RESTAURANT","595-7677 Fames Av.",Huntsville,Alabama,687-179-4514,102739-1075,3009,"McKenzie Griffin","Ap #772-1246 Enim Ave",Tuscaloosa,Alabama,889-883-2474,107-09-07,A1C72988-61B7-383C-2AEB-C80327754A5D
12,"Le Mary Céleste","P.O. Box 298, 5458 Nunc Rd.",Huntsville,Alabama,401-640-6068,498082-1021,3014,"Caldwell Leonard","538-1428 Etiam Road",Birmingham,Alabama,232-807-3820,797-05-08,DD22187A-A0A7-46B1-8050-D901043B5FC7
103,"Podozritelnye Litsa Bar","336-8523 Congue Road",Tuscaloosa,Alabama,814-337-7688,285412-1965,3014,"Caldwell Leonard","538-1428 Etiam Road",Birmingham,Alabama,232-807-3820,797-05-08,DD22187A-A0A7-46B1-8050-D901043B5FC7
108,"SOL AZTECA RESTAURANT","727-6430 Imperdiet Rd.",Tuscaloosa,Alabama,167-661-0191,844222-4211,3014,"Caldwell Leonard","538-1428 Etiam Road",Birmingham,Alabama,232-807-3820,797-05-08,DD22187A-A0A7-46B1-8050-D901043B5FC7
173,"THE GREENE TURTLE","805-6530 Arcu. Avenue",Tuscaloosa,Alabama,209-487-8295,806320-3064,3014,"Caldwell Leonard","538-1428 Etiam Road",Birmingham,Alabama,232-807-3820,797-05-08,DD22187A-A0A7-46B1-8050-D901043B5FC7
176,"AJI-NIPPON RESTAURANT","595-7677 Fames Av.",Huntsville,Alabama,687-179-4514,102739-1075,3014,"Caldwell Leonard","538-1428 Etiam Road",Birmingham,Alabama,232-807-3820,797-05-08,DD22187A-A0A7-46B1-8050-D901043B5FC7
12,"Le Mary Céleste","P.O. Box 298, 5458 Nunc Rd.",Huntsville,Alabama,401-640-6068,498082-1021,3015,"Uta Bass","P.O. Box 179, 8078 Ridiculus Road",Montgomery,Alabama,500-876-5356,707-64-02,B719DD9D-D38A-25BC-B211-C818E43224DE
103,"Podozritelnye Litsa Bar","336-8523 Congue Road",Tuscaloosa,Alabama,814-337-7688,285412-1965,3015,"Uta Bass","P.O. Box 179, 8078 Ridiculus Road",Montgomery,Alabama,500-876-5356,707-64-02,B719DD9D-D38A-25BC-B211-C818E43224DE
108,"SOL AZTECA RESTAURANT","727-6430 Imperdiet Rd.",Tuscaloosa,Alabama,167-661-0191,844222-4211,3015,"Uta Bass","P.O. Box 179, 8078 Ridiculus Road",Montgomery,Alabama,500-876-5356,707-64-02,B719DD9D-D38A-25BC-B211-C818E43224DE
173,"THE GREENE TURTLE","805-6530 Arcu. Avenue",Tuscaloosa,Alabama,209-487-8295,806320-3064,3015,"Uta Bass","P.O. Box 179, 8078 Ridiculus Road",Montgomery,Alabama,500-876-5356,707-64-02,B719DD9D-D38A-25BC-B211-C818E43224DE
176,"AJI-NIPPON RESTAURANT","595-7677 Fames Av.",Huntsville,Alabama,687-179-4514,102739-1075,3015,"Uta Bass","P.O. Box 179, 8078 Ridiculus Road",Montgomery,Alabama,500-876-5356,707-64-02,B719DD9D-D38A-25BC-B211-C818E43224DE
12,"Le Mary Céleste","P.O. Box 298, 5458 Nunc Rd.",Huntsville,Alabama,401-640-6068,498082-1021,3037,"Driscoll Dominguez","P.O. Box 838, 4798 Sociis Avenue",Tuscaloosa,Alabama,756-778-9985,617-27-05,C3629804-1A5C-93A3-7EDF-9E0DA0B32EF5
103,"Podozritelnye Litsa Bar","336-8523 Congue Road",Tuscaloosa,Alabama,814-337-7688,285412-1965,3037,"Driscoll Dominguez","P.O. Box 838, 4798 Sociis Avenue",Tuscaloosa,Alabama,756-778-9985,617-27-05,C3629804-1A5C-93A3-7EDF-9E0DA0B32EF5
108,"SOL AZTECA RESTAURANT","727-6430 Imperdiet Rd.",Tuscaloosa,Alabama,167-661-0191,844222-4211,3037,"Driscoll Dominguez","P.O. Box 838, 4798 Sociis Avenue",Tuscaloosa,Alabama,756-778-9985,617-27-05,C3629804-1A5C-93A3-7EDF-9E0DA0B32EF5
173,"THE GREENE TURTLE","805-6530 Arcu. Avenue",Tuscaloosa,Alabama,209-487-8295,806320-3064,3037,"Driscoll Dominguez","P.O. Box 838, 4798 Sociis Avenue",Tuscaloosa,Alabama,756-778-9985,617-27-05,C3629804-1A5C-93A3-7EDF-9E0DA0B32EF5
176,"AJI-NIPPON RESTAURANT","595-7677 Fames Av.",Huntsville,Alabama,687-179-4514,102739-1075,3037,"Driscoll Dominguez","P.O. Box 838, 4798 Sociis Avenue",Tuscaloosa,Alabama,756-778-9985,617-27-05,C3629804-1A5C-93A3-7EDF-9E0DA0B32EF5
12,"Le Mary Céleste","P.O. Box 298, 5458 Nunc Rd.",Huntsville,Alabama,401-640-6068,498082-1021,3050,"Shaine Richardson","Ap #831-7770 Viverra. Road",Mobile,Alabama,637-623-9766,792-46-06,0E332676-859A-81AB-8FDF-B9FDA9451417
103,"Podozritelnye Litsa Bar","336-8523 Congue Road",Tuscaloosa,Alabama,814-337-7688,285412-1965,3050,"Shaine Richardson","Ap #831-7770 Viverra. Road",Mobile,Alabama,637-623-9766,792-46-06,0E332676-859A-81AB-8FDF-B9FDA9451417
108,"SOL AZTECA RESTAURANT","727-6430 Imperdiet Rd.",Tuscaloosa,Alabama,167-661-0191,844222-4211,3050,"Shaine Richardson","Ap #831-7770 Viverra. Road",Mobile,Alabama,637-623-9766,792-46-06,0E332676-859A-81AB-8FDF-B9FDA9451417
173,"THE GREENE TURTLE","805-6530 Arcu. Avenue",Tuscaloosa,Alabama,209-487-8295,806320-3064,3050,"Shaine Richardson","Ap #831-7770 Viverra. Road",Mobile,Alabama,637-623-9766,792-46-06,0E332676-859A-81AB-8FDF-B9FDA9451417
176,"AJI-NIPPON RESTAURANT","595-7677 Fames Av.",Huntsville,Alabama,687-179-4514,102739-1075,3050,"Shaine Richardson","Ap #831-7770 Viverra. Road",Mobile,Alabama,637-623-9766,792-46-06,0E332676-859A-81AB-8FDF-B9FDA9451417
12,"Le Mary Céleste","P.O. Box 298, 5458 Nunc Rd.",Huntsville,Alabama,401-640-6068,498082-1021,3054,"Aspen Strong","Ap #400-7529 Ornare, St.",Huntsville,Alabama,286-563-3896,694-86-09,CAB0C114-4DAC-3399-3272-89CD99C199F7
103,"Podozritelnye Litsa Bar","336-8523 Congue Road",Tuscaloosa,Alabama,814-337-7688,285412-1965,3054,"Aspen Strong","Ap #400-7529 Ornare, St.",Huntsville,Alabama,286-563-3896,694-86-09,CAB0C114-4DAC-3399-3272-89CD99C199F7
108,"SOL AZTECA RESTAURANT","727-6430 Imperdiet Rd.",Tuscaloosa,Alabama,167-661-0191,844222-4211,3054,"Aspen Strong","Ap #400-7529 Ornare, St.",Huntsville,Alabama,286-563-3896,694-86-09,CAB0C114-4DAC-3399-3272-89CD99C199F7
173,"THE GREENE TURTLE","805-6530 Arcu. Avenue",Tuscaloosa,Alabama,209-487-8295,806320-3064,3054,"Aspen Strong","Ap #400-7529 Ornare, St.",Huntsville,Alabama,286-563-3896,694-86-09,CAB0C114-4DAC-3399-3272-89CD99C199F7
176,"AJI-NIPPON RESTAURANT","595-7677 Fames Av.",Huntsville,Alabama,687-179-4514,102739-1075,3054,"Aspen Strong","Ap #400-7529 Ornare, St.",Huntsville,Alabama,286-563-3896,694-86-09,CAB0C114-4DAC-3399-3272-89CD99C199F7
12,"Le Mary Céleste","P.O. Box 298, 5458 Nunc Rd.",Huntsville,Alabama,401-640-6068,498082-1021,3073,"Isadora Jimenez","P.O. Box 729, 5962 Tempus St.",Montgomery,Alabama,485-790-6468,401-26-03,B8BACC42-8AAA-FD1E-3F71-6988B46C7000
103,"Podozritelnye Litsa Bar","336-8523 Congue Road",Tuscaloosa,Alabama,814-337-7688,285412-1965,3073,"Isadora Jimenez","P.O. Box 729, 5962 Tempus St.",Montgomery,Alabama,485-790-6468,401-26-03,B8BACC42-8AAA-FD1E-3F71-6988B46C7000
108,"SOL AZTECA RESTAURANT","727-6430 Imperdiet Rd.",Tuscaloosa,Alabama,167-661-0191,844222-4211,3073,"Isadora Jimenez","P.O. Box 729, 5962 Tempus St.",Montgomery,Alabama,485-790-6468,401-26-03,B8BACC42-8AAA-FD1E-3F71-6988B46C7000
173,"THE GREENE TURTLE","805-6530 Arcu. Avenue",Tuscaloosa,Alabama,209-487-8295,806320-3064,3073,"Isadora Jimenez","P.O. Box 729, 5962 Tempus St.",Montgomery,Alabama,485-790-6468,401-26-03,B8BACC42-8AAA-FD1E-3F71-6988B46C7000
176,"AJI-NIPPON RESTAURANT","595-7677 Fames Av.",Huntsville,Alabama,687-179-4514,102739-1075,3073,"Isadora Jimenez","P.O. Box 729, 5962 Tempus St.",Montgomery,Alabama,485-790-6468,401-26-03,B8BACC42-8AAA-FD1E-3F71-6988B46C7000
12,"Le Mary Céleste","P.O. Box 298, 5458 Nunc Rd.",Huntsville,Alabama,401-640-6068,498082-1021,3156,"Uriah Faulkner","P.O. Box 834, 1138 Donec Road",Birmingham,Alabama,466-470-7772,530-48-06,C26324B0-38AA-6460-7618-F68502CDD804
103,"Podozritelnye Litsa Bar","336-8523 Congue Road",Tuscaloosa,Alabama,814-337-7688,285412-1965,3156,"Uriah Faulkner","P.O. Box 834, 1138 Donec Road",Birmingham,Alabama,466-470-7772,530-48-06,C26324B0-38AA-6460-7618-F68502CDD804
108,"SOL AZTECA RESTAURANT","727-6430 Imperdiet Rd.",Tuscaloosa,Alabama,167-661-0191,844222-4211,3156,"Uriah Faulkner","P.O. Box 834, 1138 Donec Road",Birmingham,Alabama,466-470-7772,530-48-06,C26324B0-38AA-6460-7618-F68502CDD804
173,"THE GREENE TURTLE","805-6530 Arcu. Avenue",Tuscaloosa,Alabama,209-487-8295,806320-3064,3156,"Uriah Faulkner","P.O. Box 834, 1138 Donec Road",Birmingham,Alabama,466-470-7772,530-48-06,C26324B0-38AA-6460-7618-F68502CDD804
176,"AJI-NIPPON RESTAURANT","595-7677 Fames Av.",Huntsville,Alabama,687-179-4514,102739-1075,3156,"Uriah Faulkner","P.O. Box 834, 1138 Donec Road",Birmingham,Alabama,466-470-7772,530-48-06,C26324B0-38AA-6460-7618-F68502CDD804
12,"Le Mary Céleste","P.O. Box 298, 5458 Nunc Rd.",Huntsville,Alabama,401-640-6068,498082-1021,3162,"Shana Lowery","P.O. Box 620, 3786 Eu St.",Montgomery,Alabama,489-585-2904,513-18-08,7E80C389-B920-881F-7F96-3C9FF796C4E1
103,"Podozritelnye Litsa Bar","336-8523 Congue Road",Tuscaloosa,Alabama,814-337-7688,285412-1965,3162,"Shana Lowery","P.O. Box 620, 3786 Eu St.",Montgomery,Alabama,489-585-2904,513-18-08,7E80C389-B920-881F-7F96-3C9FF796C4E1
108,"SOL AZTECA RESTAURANT","727-6430 Imperdiet Rd.",Tuscaloosa,Alabama,167-661-0191,844222-4211,3162,"Shana Lowery","P.O. Box 620, 3786 Eu St.",Montgomery,Alabama,489-585-2904,513-18-08,7E80C389-B920-881F-7F96-3C9FF796C4E1
173,"THE GREENE TURTLE","805-6530 Arcu. Avenue",Tuscaloosa,Alabama,209-487-8295,806320-3064,3162,"Shana Lowery","P.O. Box 620, 3786 Eu St.",Montgomery,Alabama,489-585-2904,513-18-08,7E80C389-B920-881F-7F96-3C9FF796C4E1
176,"AJI-NIPPON RESTAURANT","595-7677 Fames Av.",Huntsville,Alabama,687-179-4514,102739-1075,3162,"Shana Lowery","P.O. Box 620, 3786 Eu St.",Montgomery,Alabama,489-585-2904,513-18-08,7E80C389-B920-881F-7F96-3C9FF796C4E1
12,"Le Mary Céleste","P.O. Box 298, 5458 Nunc Rd.",Huntsville,Alabama,401-640-6068,498082-1021,3198,"Alden Greer","901-2932 Blandit Rd.",Birmingham,Alabama,214-217-3748,823-62-08,9424DDA7-0530-4F8A-0891-43676A582DC9
103,"Podozritelnye Litsa Bar","336-8523 Congue Road",Tuscaloosa,Alabama,814-337-7688,285412-1965,3198,"Alden Greer","901-2932 Blandit Rd.",Birmingham,Alabama,214-217-3748,823-62-08,9424DDA7-0530-4F8A-0891-43676A582DC9
108,"SOL AZTECA RESTAURANT","727-6430 Imperdiet Rd.",Tuscaloosa,Alabama,167-661-0191,844222-4211,3198,"Alden Greer","901-2932 Blandit Rd.",Birmingham,Alabama,214-217-3748,823-62-08,9424DDA7-0530-4F8A-0891-43676A582DC9
173,"THE GREENE TURTLE","805-6530 Arcu. Avenue",Tuscaloosa,Alabama,209-487-8295,806320-3064,3198,"Alden Greer","901-2932 Blandit Rd.",Birmingham,Alabama,214-217-3748,823-62-08,9424DDA7-0530-4F8A-0891-43676A582DC9
176,"AJI-NIPPON RESTAURANT","595-7677 Fames Av.",Huntsville,Alabama,687-179-4514,102739-1075,3198,"Alden Greer","901-2932 Blandit Rd.",Birmingham,Alabama,214-217-3748,823-62-08,9424DDA7-0530-4F8A-0891-43676A582DC9
12,"Le Mary Céleste","P.O. Box 298, 5458 Nunc Rd.",Huntsville,Alabama,401-640-6068,498082-1021,3227,"Darryl Jarvis","Ap #887-5553 Non Road",Mobile,Alabama,581-826-5296,101-26-08,22EC3F2A-217F-DCCD-6FEC-04F47472C8AC
103,"Podozritelnye Litsa Bar","336-8523 Congue Road",Tuscaloosa,Alabama,814-337-7688,285412-1965,3227,"Darryl Jarvis","Ap #887-5553 Non Road",Mobile,Alabama,581-826-5296,101-26-08,22EC3F2A-217F-DCCD-6FEC-04F47472C8AC
108,"SOL AZTECA RESTAURANT","727-6430 Imperdiet Rd.",Tuscaloosa,Alabama,167-661-0191,844222-4211,3227,"Darryl Jarvis","Ap #887-5553 Non Road",Mobile,Alabama,581-826-5296,101-26-08,22EC3F2A-217F-DCCD-6FEC-04F47472C8AC
173,"THE GREENE TURTLE","805-6530 Arcu. Avenue",Tuscaloosa,Alabama,209-487-8295,806320-3064,3227,"Darryl Jarvis","Ap #887-5553 Non Road",Mobile,Alabama,581-826-5296,101-26-08,22EC3F2A-217F-DCCD-6FEC-04F47472C8AC
176,"AJI-NIPPON RESTAURANT","595-7677 Fames Av.",Huntsville,Alabama,687-179-4514,102739-1075,3227,"Darryl Jarvis","Ap #887-5553 Non Road",Mobile,Alabama,581-826-5296,101-26-08,22EC3F2A-217F-DCCD-6FEC-04F47472C8AC
12,"Le Mary Céleste","P.O. Box 298, 5458 Nunc Rd.",Huntsville,Alabama,401-640-6068,498082-1021,3264,"Gareth Campos","837 Placerat Rd.",Mobile,Alabama,997-696-7732,435-21-06,C493AA20-7EB0-E3AC-5386-E267EDB5C2E2
103,"Podozritelnye Litsa Bar","336-8523 Congue Road",Tuscaloosa,Alabama,814-337-7688,285412-1965,3264,"Gareth Campos","837 Placerat Rd.",Mobile,Alabama,997-696-7732,435-21-06,C493AA20-7EB0-E3AC-5386-E267EDB5C2E2
108,"SOL AZTECA RESTAURANT","727-6430 Imperdiet Rd.",Tuscaloosa,Alabama,167-661-0191,844222-4211,3264,"Gareth Campos","837 Placerat Rd.",Mobile,Alabama,997-696-7732,435-21-06,C493AA20-7EB0-E3AC-5386-E267EDB5C2E2
173,"THE GREENE TURTLE","805-6530 Arcu. Avenue",Tuscaloosa,Alabama,209-487-8295,806320-3064,3264,"Gareth Campos","837 Placerat Rd.",Mobile,Alabama,997-696-7732,435-21-06,C493AA20-7EB0-E3AC-5386-E267EDB5C2E2
176,"AJI-NIPPON RESTAURANT","595-7677 Fames Av.",Huntsville,Alabama,687-179-4514,102739-1075,3264,"Gareth Campos","837 Placerat Rd.",Mobile,Alabama,997-696-7732,435-21-06,C493AA20-7EB0-E3AC-5386-E267EDB5C2E2
12,"Le Mary Céleste","P.O. Box 298, 5458 Nunc Rd.",Huntsville,Alabama,401-640-6068,498082-1021,3291,"Akeem Dillard","660-2337 Eget St.",Mobile,Alabama,642-521-2857,568-11-09,5D799E12-1049-86B5-4AAE-51B03920F2D3
103,"Podozritelnye Litsa Bar","336-8523 Congue Road",Tuscaloosa,Alabama,814-337-7688,285412-1965,3291,"Akeem Dillard","660-2337 Eget St.",Mobile,Alabama,642-521-2857,568-11-09,5D799E12-1049-86B5-4AAE-51B03920F2D3
108,"SOL AZTECA RESTAURANT","727-6430 Imperdiet Rd.",Tuscaloosa,Alabama,167-661-0191,844222-4211,3291,"Akeem Dillard","660-2337 Eget St.",Mobile,Alabama,642-521-2857,568-11-09,5D799E12-1049-86B5-4AAE-51B03920F2D3
173,"THE GREENE TURTLE","805-6530 Arcu. Avenue",Tuscaloosa,Alabama,209-487-8295,806320-3064,3291,"Akeem Dillard","660-2337 Eget St.",Mobile,Alabama,642-521-2857,568-11-09,5D799E12-1049-86B5-4AAE-51B03920F2D3
176,"AJI-NIPPON RESTAURANT","595-7677 Fames Av.",Huntsville,Alabama,687-179-4514,102739-1075,3291,"Akeem Dillard","660-2337 Eget St.",Mobile,Alabama,642-521-2857,568-11-09,5D799E12-1049-86B5-4AAE-51B03920F2D3
12,"Le Mary Céleste","P.O. Box 298, 5458 Nunc Rd.",Huntsville,Alabama,401-640-6068,498082-1021,3388,"Griffin Edwards","143-9315 Sem Road",Montgomery,Alabama,917-288-1024,125-97-02,974BE14E-3D8B-2109-F66F-E0E1A92F321E
103,"Podozritelnye Litsa Bar","336-8523 Congue Road",Tuscaloosa,Alabama,814-337-7688,285412-1965,3388,"Griffin Edwards","143-9315 Sem Road",Montgomery,Alabama,917-288-1024,125-97-02,974BE14E-3D8B-2109-F66F-E0E1A92F321E
108,"SOL AZTECA RESTAURANT","727-6430 Imperdiet Rd.",Tuscaloosa,Alabama,167-661-0191,844222-4211,3388,"Griffin Edwards","143-9315 Sem Road",Montgomery,Alabama,917-288-1024,125-97-02,974BE14E-3D8B-2109-F66F-E0E1A92F321E
173,"THE GREENE TURTLE","805-6530 Arcu. Avenue",Tuscaloosa,Alabama,209-487-8295,806320-3064,3388,"Griffin Edwards","143-9315 Sem Road",Montgomery,Alabama,917-288-1024,125-97-02,974BE14E-3D8B-2109-F66F-E0E1A92F321E
176,"AJI-NIPPON RESTAURANT","595-7677 Fames Av.",Huntsville,Alabama,687-179-4514,102739-1075,3388,"Griffin Edwards","143-9315 Sem Road",Montgomery,Alabama,917-288-1024,125-97-02,974BE14E-3D8B-2109-F66F-E0E1A92F321E
12,"Le Mary Céleste","P.O. Box 298, 5458 Nunc Rd.",Huntsville,Alabama,401-640-6068,498082-1021,3392,"Illana Cantu","228-4394 Eget Rd.",Birmingham,Alabama,866-626-5449,086-44-04,6683DEFD-40D0-BE0A-26EB-A30A0E1587DF
103,"Podozritelnye Litsa Bar","336-8523 Congue Road",Tuscaloosa,Alabama,814-337-7688,285412-1965,3392,"Illana Cantu","228-4394 Eget Rd.",Birmingham,Alabama,866-626-5449,086-44-04,6683DEFD-40D0-BE0A-26EB-A30A0E1587DF
108,"SOL AZTECA RESTAURANT","727-6430 Imperdiet Rd.",Tuscaloosa,Alabama,167-661-0191,844222-4211,3392,"Illana Cantu","228-4394 Eget Rd.",Birmingham,Alabama,866-626-5449,086-44-04,6683DEFD-40D0-BE0A-26EB-A30A0E1587DF
173,"THE GREENE TURTLE","805-6530 Arcu. Avenue",Tuscaloosa,Alabama,209-487-8295,806320-3064,3392,"Illana Cantu","228-4394 Eget Rd.",Birmingham,Alabama,866-626-5449,086-44-04,6683DEFD-40D0-BE0A-26EB-A30A0E1587DF
176,"AJI-NIPPON RESTAURANT","595-7677 Fames Av.",Huntsville,Alabama,687-179-4514,102739-1075,3392,"Illana Cantu","228-4394 Eget Rd.",Birmingham,Alabama,866-626-5449,086-44-04,6683DEFD-40D0-BE0A-26EB-A30A0E1587DF
12,"Le Mary Céleste","P.O. Box 298, 5458 Nunc Rd.",Huntsville,Alabama,401-640-6068,498082-1021,3393,"Bevis Kirby","681-2031 Enim Ave",Tuscaloosa,Alabama,621-646-5252,625-76-03,B002F45C-AB98-189A-BAAF-168F26662E17
103,"Podozritelnye Litsa Bar","336-8523 Congue Road",Tuscaloosa,Alabama,814-337-7688,285412-1965,3393,"Bevis Kirby","681-2031 Enim Ave",Tuscaloosa,Alabama,621-646-5252,625-76-03,B002F45C-AB98-189A-BAAF-168F26662E17
108,"SOL AZTECA RESTAURANT","727-6430 Imperdiet Rd.",Tuscaloosa,Alabama,167-661-0191,844222-4211,3393,"Bevis Kirby","681-2031 Enim Ave",Tuscaloosa,Alabama,621-646-5252,625-76-03,B002F45C-AB98-189A-BAAF-168F26662E17
173,"THE GREENE TURTLE","805-6530 Arcu. Avenue",Tuscaloosa,Alabama,209-487-8295,806320-3064,3393,"Bevis Kirby","681-2031 Enim Ave",Tuscaloosa,Alabama,621-646-5252,625-76-03,B002F45C-AB98-189A-BAAF-168F26662E17
176,"AJI-NIPPON RESTAURANT","595-7677 Fames Av.",Huntsville,Alabama,687-179-4514,102739-1075,3393,"Bevis Kirby","681-2031 Enim Ave",Tuscaloosa,Alabama,621-646-5252,625-76-03,B002F45C-AB98-189A-BAAF-168F26662E17
12,"Le Mary Céleste","P.O. Box 298, 5458 Nunc Rd.",Huntsville,Alabama,401-640-6068,498082-1021,3453,"Nash Morgan","8634 Elementum St.",Tuscaloosa,Alabama,867-331-4822,629-61-00,0ECE9743-E9E5-84EE-84A7-F4E943DAEA02
103,"Podozritelnye Litsa Bar","336-8523 Congue Road",Tuscaloosa,Alabama,814-337-7688,285412-1965,3453,"Nash Morgan","8634 Elementum St.",Tuscaloosa,Alabama,867-331-4822,629-61-00,0ECE9743-E9E5-84EE-84A7-F4E943DAEA02
108,"SOL AZTECA RESTAURANT","727-6430 Imperdiet Rd.",Tuscaloosa,Alabama,167-661-0191,844222-4211,3453,"Nash Morgan","8634 Elementum St.",Tuscaloosa,Alabama,867-331-4822,629-61-00,0ECE9743-E9E5-84EE-84A7-F4E943DAEA02
173,"THE GREENE TURTLE","805-6530 Arcu. Avenue",Tuscaloosa,Alabama,209-487-8295,806320-3064,3453,"Nash Morgan","8634 Elementum St.",Tuscaloosa,Alabama,867-331-4822,629-61-00,0ECE9743-E9E5-84EE-84A7-F4E943DAEA02
176,"AJI-NIPPON RESTAURANT","595-7677 Fames Av.",Huntsville,Alabama,687-179-4514,102739-1075,3453,"Nash Morgan","8634 Elementum St.",Tuscaloosa,Alabama,867-331-4822,629-61-00,0ECE9743-E9E5-84EE-84A7-F4E943DAEA02
12,"Le Mary Céleste","P.O. Box 298, 5458 Nunc Rd.",Huntsville,Alabama,401-640-6068,498082-1021,3505,"Melvin Pruitt","4905 Tristique Street",Tuscaloosa,Alabama,188-951-5931,575-09-05,B753B50E-DCB2-275C-FDA1-19F3366B0AE0
103,"Podozritelnye Litsa Bar","336-8523 Congue Road",Tuscaloosa,Alabama,814-337-7688,285412-1965,3505,"Melvin Pruitt","4905 Tristique Street",Tuscaloosa,Alabama,188-951-5931,575-09-05,B753B50E-DCB2-275C-FDA1-19F3366B0AE0
108,"SOL AZTECA RESTAURANT","727-6430 Imperdiet Rd.",Tuscaloosa,Alabama,167-661-0191,844222-4211,3505,"Melvin Pruitt","4905 Tristique Street",Tuscaloosa,Alabama,188-951-5931,575-09-05,B753B50E-DCB2-275C-FDA1-19F3366B0AE0
173,"THE GREENE TURTLE","805-6530 Arcu. Avenue",Tuscaloosa,Alabama,209-487-8295,806320-3064,3505,"Melvin Pruitt","4905 Tristique Street",Tuscaloosa,Alabama,188-951-5931,575-09-05,B753B50E-DCB2-275C-FDA1-19F3366B0AE0
176,"AJI-NIPPON RESTAURANT","595-7677 Fames Av.",Huntsville,Alabama,687-179-4514,102739-1075,3505,"Melvin Pruitt","4905 Tristique Street",Tuscaloosa,Alabama,188-951-5931,575-09-05,B753B50E-DCB2-275C-FDA1-19F3366B0AE0
12,"Le Mary Céleste","P.O. Box 298, 5458 Nunc Rd.",Huntsville,Alabama,401-640-6068,498082-1021,3555,"Nomlanga Burnett","Ap #369-5686 Mus. St.",Montgomery,Alabama,908-179-2740,696-93-00,0819D95B-A7FB-AE36-99E3-FF46B99F2E2B
103,"Podozritelnye Litsa Bar","336-8523 Congue Road",Tuscaloosa,Alabama,814-337-7688,285412-1965,3555,"Nomlanga Burnett","Ap #369-5686 Mus. St.",Montgomery,Alabama,908-179-2740,696-93-00,0819D95B-A7FB-AE36-99E3-FF46B99F2E2B
108,"SOL AZTECA RESTAURANT","727-6430 Imperdiet Rd.",Tuscaloosa,Alabama,167-661-0191,844222-4211,3555,"Nomlanga Burnett","Ap #369-5686 Mus. St.",Montgomery,Alabama,908-179-2740,696-93-00,0819D95B-A7FB-AE36-99E3-FF46B99F2E2B
173,"THE GREENE TURTLE","805-6530 Arcu. Avenue",Tuscaloosa,Alabama,209-487-8295,806320-3064,3555,"Nomlanga Burnett","Ap #369-5686 Mus. St.",Montgomery,Alabama,908-179-2740,696-93-00,0819D95B-A7FB-AE36-99E3-FF46B99F2E2B
176,"AJI-NIPPON RESTAURANT","595-7677 Fames Av.",Huntsville,Alabama,687-179-4514,102739-1075,3555,"Nomlanga Burnett","Ap #369-5686 Mus. St.",Montgomery,Alabama,908-179-2740,696-93-00,0819D95B-A7FB-AE36-99E3-FF46B99F2E2B
12,"Le Mary Céleste","P.O. Box 298, 5458 Nunc Rd.",Huntsville,Alabama,401-640-6068,498082-1021,3591,"Felicia Callahan","966-6615 Nec, Ave",Tuscaloosa,Alabama,558-905-8288,811-83-00,6A98CA0B-853B-CB19-DDF5-3D46F02639FC
103,"Podozritelnye Litsa Bar","336-8523 Congue Road",Tuscaloosa,Alabama,814-337-7688,285412-1965,3591,"Felicia Callahan","966-6615 Nec, Ave",Tuscaloosa,Alabama,558-905-8288,811-83-00,6A98CA0B-853B-CB19-DDF5-3D46F02639FC
108,"SOL AZTECA RESTAURANT","727-6430 Imperdiet Rd.",Tuscaloosa,Alabama,167-661-0191,844222-4211,3591,"Felicia Callahan","966-6615 Nec, Ave",Tuscaloosa,Alabama,558-905-8288,811-83-00,6A98CA0B-853B-CB19-DDF5-3D46F02639FC
173,"THE GREENE TURTLE","805-6530 Arcu. Avenue",Tuscaloosa,Alabama,209-487-8295,806320-3064,3591,"Felicia Callahan","966-6615 Nec, Ave",Tuscaloosa,Alabama,558-905-8288,811-83-00,6A98CA0B-853B-CB19-DDF5-3D46F02639FC
176,"AJI-NIPPON RESTAURANT","595-7677 Fames Av.",Huntsville,Alabama,687-179-4514,102739-1075,3591,"Felicia Callahan","966-6615 Nec, Ave",Tuscaloosa,Alabama,558-905-8288,811-83-00,6A98CA0B-853B-CB19-DDF5-3D46F02639FC
12,"Le Mary Céleste","P.O. Box 298, 5458 Nunc Rd.",Huntsville,Alabama,401-640-6068,498082-1021,3620,"Vielka Travis","P.O. Box 829, 503 Tortor. Avenue",Huntsville,Alabama,425-698-6242,449-56-05,7AFFC6FE-A0FC-B08B-4A58-A37D67673198
103,"Podozritelnye Litsa Bar","336-8523 Congue Road",Tuscaloosa,Alabama,814-337-7688,285412-1965,3620,"Vielka Travis","P.O. Box 829, 503 Tortor. Avenue",Huntsville,Alabama,425-698-6242,449-56-05,7AFFC6FE-A0FC-B08B-4A58-A37D67673198
108,"SOL AZTECA RESTAURANT","727-6430 Imperdiet Rd.",Tuscaloosa,Alabama,167-661-0191,844222-4211,3620,"Vielka Travis","P.O. Box 829, 503 Tortor. Avenue",Huntsville,Alabama,425-698-6242,449-56-05,7AFFC6FE-A0FC-B08B-4A58-A37D67673198
173,"THE GREENE TURTLE","805-6530 Arcu. Avenue",Tuscaloosa,Alabama,209-487-8295,806320-3064,3620,"Vielka Travis","P.O. Box 829, 503 Tortor. Avenue",Huntsville,Alabama,425-698-6242,449-56-05,7AFFC6FE-A0FC-B08B-4A58-A37D67673198
176,"AJI-NIPPON RESTAURANT","595-7677 Fames Av.",Huntsville,Alabama,687-179-4514,102739-1075,3620,"Vielka Travis","P.O. Box 829, 503 Tortor. Avenue",Huntsville,Alabama,425-698-6242,449-56-05,7AFFC6FE-A0FC-B08B-4A58-A37D67673198
12,"Le Mary Céleste","P.O. Box 298, 5458 Nunc Rd.",Huntsville,Alabama,401-640-6068,498082-1021,3621,"Clarke Clark","P.O. Box 549, 5564 At Ave",Mobile,Alabama,887-535-0924,699-14-08,3EF41235-A0C0-3FC6-EB01-EE8E81A635A8
103,"Podozritelnye Litsa Bar","336-8523 Congue Road",Tuscaloosa,Alabama,814-337-7688,285412-1965,3621,"Clarke Clark","P.O. Box 549, 5564 At Ave",Mobile,Alabama,887-535-0924,699-14-08,3EF41235-A0C0-3FC6-EB01-EE8E81A635A8
108,"SOL AZTECA RESTAURANT","727-6430 Imperdiet Rd.",Tuscaloosa,Alabama,167-661-0191,844222-4211,3621,"Clarke Clark","P.O. Box 549, 5564 At Ave",Mobile,Alabama,887-535-0924,699-14-08,3EF41235-A0C0-3FC6-EB01-EE8E81A635A8
173,"THE GREENE TURTLE","805-6530 Arcu. Avenue",Tuscaloosa,Alabama,209-487-8295,806320-3064,3621,"Clarke Clark","P.O. Box 549, 5564 At Ave",Mobile,Alabama,887-535-0924,699-14-08,3EF41235-A0C0-3FC6-EB01-EE8E81A635A8
176,"AJI-NIPPON RESTAURANT","595-7677 Fames Av.",Huntsville,Alabama,687-179-4514,102739-1075,3621,"Clarke Clark","P.O. Box 549, 5564 At Ave",Mobile,Alabama,887-535-0924,699-14-08,3EF41235-A0C0-3FC6-EB01-EE8E81A635A8
12,"Le Mary Céleste","P.O. Box 298, 5458 Nunc Rd.",Huntsville,Alabama,401-640-6068,498082-1021,3666,"Yardley Mccullough","P.O. Box 525, 2961 Ornare, Rd.",Mobile,Alabama,324-334-6780,475-71-08,F3BE4FC5-263F-D1A6-97E2-F2695792721B
103,"Podozritelnye Litsa Bar","336-8523 Congue Road",Tuscaloosa,Alabama,814-337-7688,285412-1965,3666,"Yardley Mccullough","P.O. Box 525, 2961 Ornare, Rd.",Mobile,Alabama,324-334-6780,475-71-08,F3BE4FC5-263F-D1A6-97E2-F2695792721B
108,"SOL AZTECA RESTAURANT","727-6430 Imperdiet Rd.",Tuscaloosa,Alabama,167-661-0191,844222-4211,3666,"Yardley Mccullough","P.O. Box 525, 2961 Ornare, Rd.",Mobile,Alabama,324-334-6780,475-71-08,F3BE4FC5-263F-D1A6-97E2-F2695792721B
173,"THE GREENE TURTLE","805-6530 Arcu. Avenue",Tuscaloosa,Alabama,209-487-8295,806320-3064,3666,"Yardley Mccullough","P.O. Box 525, 2961 Ornare, Rd.",Mobile,Alabama,324-334-6780,475-71-08,F3BE4FC5-263F-D1A6-97E2-F2695792721B
176,"AJI-NIPPON RESTAURANT","595-7677 Fames Av.",Huntsville,Alabama,687-179-4514,102739-1075,3666,"Yardley Mccullough","P.O. Box 525, 2961 Ornare, Rd.",Mobile,Alabama,324-334-6780,475-71-08,F3BE4FC5-263F-D1A6-97E2-F2695792721B
12,"Le Mary Céleste","P.O. Box 298, 5458 Nunc Rd.",Huntsville,Alabama,401-640-6068,498082-1021,3671,"Lev Suarez","Ap #677-5002 Dolor. Av.",Huntsville,Alabama,539-718-9222,675-01-05,B82ED772-F7C3-3F62-5F2B-B6E13418200F
103,"Podozritelnye Litsa Bar","336-8523 Congue Road",Tuscaloosa,Alabama,814-337-7688,285412-1965,3671,"Lev Suarez","Ap #677-5002 Dolor. Av.",Huntsville,Alabama,539-718-9222,675-01-05,B82ED772-F7C3-3F62-5F2B-B6E13418200F
108,"SOL AZTECA RESTAURANT","727-6430 Imperdiet Rd.",Tuscaloosa,Alabama,167-661-0191,844222-4211,3671,"Lev Suarez","Ap #677-5002 Dolor. Av.",Huntsville,Alabama,539-718-9222,675-01-05,B82ED772-F7C3-3F62-5F2B-B6E13418200F
173,"THE GREENE TURTLE","805-6530 Arcu. Avenue",Tuscaloosa,Alabama,209-487-8295,806320-3064,3671,"Lev Suarez","Ap #677-5002 Dolor. Av.",Huntsville,Alabama,539-718-9222,675-01-05,B82ED772-F7C3-3F62-5F2B-B6E13418200F
176,"AJI-NIPPON RESTAURANT","595-7677 Fames Av.",Huntsville,Alabama,687-179-4514,102739-1075,3671,"Lev Suarez","Ap #677-5002 Dolor. Av.",Huntsville,Alabama,539-718-9222,675-01-05,B82ED772-F7C3-3F62-5F2B-B6E13418200F
12,"Le Mary Céleste","P.O. Box 298, 5458 Nunc Rd.",Huntsville,Alabama,401-640-6068,498082-1021,3722,"Cruz Acevedo","3229 Faucibus St.",Birmingham,Alabama,709-827-4605,422-55-07,6154182A-6C9B-92A0-D80A-89A7686E8E7E
103,"Podozritelnye Litsa Bar","336-8523 Congue Road",Tuscaloosa,Alabama,814-337-7688,285412-1965,3722,"Cruz Acevedo","3229 Faucibus St.",Birmingham,Alabama,709-827-4605,422-55-07,6154182A-6C9B-92A0-D80A-89A7686E8E7E
108,"SOL AZTECA RESTAURANT","727-6430 Imperdiet Rd.",Tuscaloosa,Alabama,167-661-0191,844222-4211,3722,"Cruz Acevedo","3229 Faucibus St.",Birmingham,Alabama,709-827-4605,422-55-07,6154182A-6C9B-92A0-D80A-89A7686E8E7E
173,"THE GREENE TURTLE","805-6530 Arcu. Avenue",Tuscaloosa,Alabama,209-487-8295,806320-3064,3722,"Cruz Acevedo","3229 Faucibus St.",Birmingham,Alabama,709-827-4605,422-55-07,6154182A-6C9B-92A0-D80A-89A7686E8E7E
176,"AJI-NIPPON RESTAURANT","595-7677 Fames Av.",Huntsville,Alabama,687-179-4514,102739-1075,3722,"Cruz Acevedo","3229 Faucibus St.",Birmingham,Alabama,709-827-4605,422-55-07,6154182A-6C9B-92A0-D80A-89A7686E8E7E
12,"Le Mary Céleste","P.O. Box 298, 5458 Nunc Rd.",Huntsville,Alabama,401-640-6068,498082-1021,3751,"Holmes Griffith","P.O. Box 796, 4486 Velit Rd.",Montgomery,Alabama,400-900-8973,796-78-00,0C591AF0-4BB7-20B1-C0B6-4AEC03591144
103,"Podozritelnye Litsa Bar","336-8523 Congue Road",Tuscaloosa,Alabama,814-337-7688,285412-1965,3751,"Holmes Griffith","P.O. Box 796, 4486 Velit Rd.",Montgomery,Alabama,400-900-8973,796-78-00,0C591AF0-4BB7-20B1-C0B6-4AEC03591144
108,"SOL AZTECA RESTAURANT","727-6430 Imperdiet Rd.",Tuscaloosa,Alabama,167-661-0191,844222-4211,3751,"Holmes Griffith","P.O. Box 796, 4486 Velit Rd.",Montgomery,Alabama,400-900-8973,796-78-00,0C591AF0-4BB7-20B1-C0B6-4AEC03591144
173,"THE GREENE TURTLE","805-6530 Arcu. Avenue",Tuscaloosa,Alabama,209-487-8295,806320-3064,3751,"Holmes Griffith","P.O. Box 796, 4486 Velit Rd.",Montgomery,Alabama,400-900-8973,796-78-00,0C591AF0-4BB7-20B1-C0B6-4AEC03591144
176,"AJI-NIPPON RESTAURANT","595-7677 Fames Av.",Huntsville,Alabama,687-179-4514,102739-1075,3751,"Holmes Griffith","P.O. Box 796, 4486 Velit Rd.",Montgomery,Alabama,400-900-8973,796-78-00,0C591AF0-4BB7-20B1-C0B6-4AEC03591144
12,"Le Mary Céleste","P.O. Box 298, 5458 Nunc Rd.",Huntsville,Alabama,401-640-6068,498082-1021,3818,"Jerome Rios","Ap #727-615 Mauris Ave",Birmingham,Alabama,204-827-1157,545-73-03,2FEFB8AB-AC80-EEF3-6BA1-7ED39F4DC219
103,"Podozritelnye Litsa Bar","336-8523 Congue Road",Tuscaloosa,Alabama,814-337-7688,285412-1965,3818,"Jerome Rios","Ap #727-615 Mauris Ave",Birmingham,Alabama,204-827-1157,545-73-03,2FEFB8AB-AC80-EEF3-6BA1-7ED39F4DC219
108,"SOL AZTECA RESTAURANT","727-6430 Imperdiet Rd.",Tuscaloosa,Alabama,167-661-0191,844222-4211,3818,"Jerome Rios","Ap #727-615 Mauris Ave",Birmingham,Alabama,204-827-1157,545-73-03,2FEFB8AB-AC80-EEF3-6BA1-7ED39F4DC219
173,"THE GREENE TURTLE","805-6530 Arcu. Avenue",Tuscaloosa,Alabama,209-487-8295,806320-3064,3818,"Jerome Rios","Ap #727-615 Mauris Ave",Birmingham,Alabama,204-827-1157,545-73-03,2FEFB8AB-AC80-EEF3-6BA1-7ED39F4DC219
176,"AJI-NIPPON RESTAURANT","595-7677 Fames Av.",Huntsville,Alabama,687-179-4514,102739-1075,3818,"Jerome Rios","Ap #727-615 Mauris Ave",Birmingham,Alabama,204-827-1157,545-73-03,2FEFB8AB-AC80-EEF3-6BA1-7ED39F4DC219
12,"Le Mary Céleste","P.O. Box 298, 5458 Nunc Rd.",Huntsville,Alabama,401-640-6068,498082-1021,3881,"Ciaran Bell","Ap #958-9837 Aliquam Rd.",Huntsville,Alabama,591-107-7302,478-72-03,8FE89820-C3F1-0FB3-6409-A908635932D6
103,"Podozritelnye Litsa Bar","336-8523 Congue Road",Tuscaloosa,Alabama,814-337-7688,285412-1965,3881,"Ciaran Bell","Ap #958-9837 Aliquam Rd.",Huntsville,Alabama,591-107-7302,478-72-03,8FE89820-C3F1-0FB3-6409-A908635932D6
108,"SOL AZTECA RESTAURANT","727-6430 Imperdiet Rd.",Tuscaloosa,Alabama,167-661-0191,844222-4211,3881,"Ciaran Bell","Ap #958-9837 Aliquam Rd.",Huntsville,Alabama,591-107-7302,478-72-03,8FE89820-C3F1-0FB3-6409-A908635932D6
173,"THE GREENE TURTLE","805-6530 Arcu. Avenue",Tuscaloosa,Alabama,209-487-8295,806320-3064,3881,"Ciaran Bell","Ap #958-9837 Aliquam Rd.",Huntsville,Alabama,591-107-7302,478-72-03,8FE89820-C3F1-0FB3-6409-A908635932D6
176,"AJI-NIPPON RESTAURANT","595-7677 Fames Av.",Huntsville,Alabama,687-179-4514,102739-1075,3881,"Ciaran Bell","Ap #958-9837 Aliquam Rd.",Huntsville,Alabama,591-107-7302,478-72-03,8FE89820-C3F1-0FB3-6409-A908635932D6
12,"Le Mary Céleste","P.O. Box 298, 5458 Nunc Rd.",Huntsville,Alabama,401-640-6068,498082-1021,3927,"Alfreda Ramirez","3733 Sed St.",Tuscaloosa,Alabama,318-567-1238,343-34-07,0863169A-B43F-454E-CA03-A2BFF1E6C822
103,"Podozritelnye Litsa Bar","336-8523 Congue Road",Tuscaloosa,Alabama,814-337-7688,285412-1965,3927,"Alfreda Ramirez","3733 Sed St.",Tuscaloosa,Alabama,318-567-1238,343-34-07,0863169A-B43F-454E-CA03-A2BFF1E6C822
108,"SOL AZTECA RESTAURANT","727-6430 Imperdiet Rd.",Tuscaloosa,Alabama,167-661-0191,844222-4211,3927,"Alfreda Ramirez","3733 Sed St.",Tuscaloosa,Alabama,318-567-1238,343-34-07,0863169A-B43F-454E-CA03-A2BFF1E6C822
173,"THE GREENE TURTLE","805-6530 Arcu. Avenue",Tuscaloosa,Alabama,209-487-8295,806320-3064,3927,"Alfreda Ramirez","3733 Sed St.",Tuscaloosa,Alabama,318-567-1238,343-34-07,0863169A-B43F-454E-CA03-A2BFF1E6C822
176,"AJI-NIPPON RESTAURANT","595-7677 Fames Av.",Huntsville,Alabama,687-179-4514,102739-1075,3927,"Alfreda Ramirez","3733 Sed St.",Tuscaloosa,Alabama,318-567-1238,343-34-07,0863169A-B43F-454E-CA03-A2BFF1E6C822
12,"Le Mary Céleste","P.O. Box 298, 5458 Nunc Rd.",Huntsville,Alabama,401-640-6068,498082-1021,3937,"Raja Branch","P.O. Box 811, 4038 Litora Avenue",Huntsville,Alabama,608-551-1861,033-83-05,DCBC18BA-980E-618E-481F-4ED76591BF52
103,"Podozritelnye Litsa Bar","336-8523 Congue Road",Tuscaloosa,Alabama,814-337-7688,285412-1965,3937,"Raja Branch","P.O. Box 811, 4038 Litora Avenue",Huntsville,Alabama,608-551-1861,033-83-05,DCBC18BA-980E-618E-481F-4ED76591BF52
108,"SOL AZTECA RESTAURANT","727-6430 Imperdiet Rd.",Tuscaloosa,Alabama,167-661-0191,844222-4211,3937,"Raja Branch","P.O. Box 811, 4038 Litora Avenue",Huntsville,Alabama,608-551-1861,033-83-05,DCBC18BA-980E-618E-481F-4ED76591BF52
173,"THE GREENE TURTLE","805-6530 Arcu. Avenue",Tuscaloosa,Alabama,209-487-8295,806320-3064,3937,"Raja Branch","P.O. Box 811, 4038 Litora Avenue",Huntsville,Alabama,608-551-1861,033-83-05,DCBC18BA-980E-618E-481F-4ED76591BF52
176,"AJI-NIPPON RESTAURANT","595-7677 Fames Av.",Huntsville,Alabama,687-179-4514,102739-1075,3937,"Raja Branch","P.O. Box 811, 4038 Litora Avenue",Huntsville,Alabama,608-551-1861,033-83-05,DCBC18BA-980E-618E-481F-4ED76591BF52
12,"Le Mary Céleste","P.O. Box 298, 5458 Nunc Rd.",Huntsville,Alabama,401-640-6068,498082-1021,3938,"Charles Villarreal","8162 Justo. Avenue",Birmingham,Alabama,562-326-6117,377-33-00,F58AAD37-2BE6-986A-C5C7-F2EB59B476B9
103,"Podozritelnye Litsa Bar","336-8523 Congue Road",Tuscaloosa,Alabama,814-337-7688,285412-1965,3938,"Charles Villarreal","8162 Justo. Avenue",Birmingham,Alabama,562-326-6117,377-33-00,F58AAD37-2BE6-986A-C5C7-F2EB59B476B9
108,"SOL AZTECA RESTAURANT","727-6430 Imperdiet Rd.",Tuscaloosa,Alabama,167-661-0191,844222-4211,3938,"Charles Villarreal","8162 Justo. Avenue",Birmingham,Alabama,562-326-6117,377-33-00,F58AAD37-2BE6-986A-C5C7-F2EB59B476B9
173,"THE GREENE TURTLE","805-6530 Arcu. Avenue",Tuscaloosa,Alabama,209-487-8295,806320-3064,3938,"Charles Villarreal","8162 Justo. Avenue",Birmingham,Alabama,562-326-6117,377-33-00,F58AAD37-2BE6-986A-C5C7-F2EB59B476B9
176,"AJI-NIPPON RESTAURANT","595-7677 Fames Av.",Huntsville,Alabama,687-179-4514,102739-1075,3938,"Charles Villarreal","8162 Justo. Avenue",Birmingham,Alabama,562-326-6117,377-33-00,F58AAD37-2BE6-986A-C5C7-F2EB59B476B9
12,"Le Mary Céleste","P.O. Box 298, 5458 Nunc Rd.",Huntsville,Alabama,401-640-6068,498082-1021,3963,"Alan Slater","541-5824 In, St.",Mobile,Alabama,602-149-2694,645-92-01,9EDC2961-82B2-0C3A-6786-895FBA807992
103,"Podozritelnye Litsa Bar","336-8523 Congue Road",Tuscaloosa,Alabama,814-337-7688,285412-1965,3963,"Alan Slater","541-5824 In, St.",Mobile,Alabama,602-149-2694,645-92-01,9EDC2961-82B2-0C3A-6786-895FBA807992
108,"SOL AZTECA RESTAURANT","727-6430 Imperdiet Rd.",Tuscaloosa,Alabama,167-661-0191,844222-4211,3963,"Alan Slater","541-5824 In, St.",Mobile,Alabama,602-149-2694,645-92-01,9EDC2961-82B2-0C3A-6786-895FBA807992
173,"THE GREENE TURTLE","805-6530 Arcu. Avenue",Tuscaloosa,Alabama,209-487-8295,806320-3064,3963,"Alan Slater","541-5824 In, St.",Mobile,Alabama,602-149-2694,645-92-01,9EDC2961-82B2-0C3A-6786-895FBA807992
176,"AJI-NIPPON RESTAURANT","595-7677 Fames Av.",Huntsville,Alabama,687-179-4514,102739-1075,3963,"Alan Slater","541-5824 In, St.",Mobile,Alabama,602-149-2694,645-92-01,9EDC2961-82B2-0C3A-6786-895FBA807992
12,"Le Mary Céleste","P.O. Box 298, 5458 Nunc Rd.",Huntsville,Alabama,401-640-6068,498082-1021,4002,"Barry Skinner","P.O. Box 666, 5547 Ligula Av.",Birmingham,Alabama,234-387-3733,247-74-09,5DC1F06C-CD85-E594-71A2-C82B2343B446
103,"Podozritelnye Litsa Bar","336-8523 Congue Road",Tuscaloosa,Alabama,814-337-7688,285412-1965,4002,"Barry Skinner","P.O. Box 666, 5547 Ligula Av.",Birmingham,Alabama,234-387-3733,247-74-09,5DC1F06C-CD85-E594-71A2-C82B2343B446
108,"SOL AZTECA RESTAURANT","727-6430 Imperdiet Rd.",Tuscaloosa,Alabama,167-661-0191,844222-4211,4002,"Barry Skinner","P.O. Box 666, 5547 Ligula Av.",Birmingham,Alabama,234-387-3733,247-74-09,5DC1F06C-CD85-E594-71A2-C82B2343B446
173,"THE GREENE TURTLE","805-6530 Arcu. Avenue",Tuscaloosa,Alabama,209-487-8295,806320-3064,4002,"Barry Skinner","P.O. Box 666, 5547 Ligula Av.",Birmingham,Alabama,234-387-3733,247-74-09,5DC1F06C-CD85-E594-71A2-C82B2343B446
176,"AJI-NIPPON RESTAURANT","595-7677 Fames Av.",Huntsville,Alabama,687-179-4514,102739-1075,4002,"Barry Skinner","P.O. Box 666, 5547 Ligula Av.",Birmingham,Alabama,234-387-3733,247-74-09,5DC1F06C-CD85-E594-71A2-C82B2343B446
12,"Le Mary Céleste","P.O. Box 298, 5458 Nunc Rd.",Huntsville,Alabama,401-640-6068,498082-1021,4051,"Heidi Crane","7845 Enim. Ave",Montgomery,Alabama,985-871-0102,357-60-03,CE5EE8C5-250B-738B-6659-39B1CDBAD3B3
103,"Podozritelnye Litsa Bar","336-8523 Congue Road",Tuscaloosa,Alabama,814-337-7688,285412-1965,4051,"Heidi Crane","7845 Enim. Ave",Montgomery,Alabama,985-871-0102,357-60-03,CE5EE8C5-250B-738B-6659-39B1CDBAD3B3
108,"SOL AZTECA RESTAURANT","727-6430 Imperdiet Rd.",Tuscaloosa,Alabama,167-661-0191,844222-4211,4051,"Heidi Crane","7845 Enim. Ave",Montgomery,Alabama,985-871-0102,357-60-03,CE5EE8C5-250B-738B-6659-39B1CDBAD3B3
173,"THE GREENE TURTLE","805-6530 Arcu. Avenue",Tuscaloosa,Alabama,209-487-8295,806320-3064,4051,"Heidi Crane","7845 Enim. Ave",Montgomery,Alabama,985-871-0102,357-60-03,CE5EE8C5-250B-738B-6659-39B1CDBAD3B3
176,"AJI-NIPPON RESTAURANT","595-7677 Fames Av.",Huntsville,Alabama,687-179-4514,102739-1075,4051,"Heidi Crane","7845 Enim. Ave",Montgomery,Alabama,985-871-0102,357-60-03,CE5EE8C5-250B-738B-6659-39B1CDBAD3B3
12,"Le Mary Céleste","P.O. Box 298, 5458 Nunc Rd.",Huntsville,Alabama,401-640-6068,498082-1021,4123,"Demetria Randall","161-5965 Erat St.",Montgomery,Alabama,386-106-4294,850-70-06,F1996162-EF90-0EF8-5FBE-8012FF2AF961
103,"Podozritelnye Litsa Bar","336-8523 Congue Road",Tuscaloosa,Alabama,814-337-7688,285412-1965,4123,"Demetria Randall","161-5965 Erat St.",Montgomery,Alabama,386-106-4294,850-70-06,F1996162-EF90-0EF8-5FBE-8012FF2AF961
108,"SOL AZTECA RESTAURANT","727-6430 Imperdiet Rd.",Tuscaloosa,Alabama,167-661-0191,844222-4211,4123,"Demetria Randall","161-5965 Erat St.",Montgomery,Alabama,386-106-4294,850-70-06,F1996162-EF90-0EF8-5FBE-8012FF2AF961
173,"THE GREENE TURTLE","805-6530 Arcu. Avenue",Tuscaloosa,Alabama,209-487-8295,806320-3064,4123,"Demetria Randall","161-5965 Erat St.",Montgomery,Alabama,386-106-4294,850-70-06,F1996162-EF90-0EF8-5FBE-8012FF2AF961
176,"AJI-NIPPON RESTAURANT","595-7677 Fames Av.",Huntsville,Alabama,687-179-4514,102739-1075,4123,"Demetria Randall","161-5965 Erat St.",Montgomery,Alabama,386-106-4294,850-70-06,F1996162-EF90-0EF8-5FBE-8012FF2AF961
12,"Le Mary Céleste","P.O. Box 298, 5458 Nunc Rd.",Huntsville,Alabama,401-640-6068,498082-1021,4140,"Cecilia Larson","P.O. Box 926, 2106 Nullam Road",Montgomery,Alabama,286-522-8945,675-98-06,BE5B44F7-9484-5ACC-C61D-54BC48E14472
103,"Podozritelnye Litsa Bar","336-8523 Congue Road",Tuscaloosa,Alabama,814-337-7688,285412-1965,4140,"Cecilia Larson","P.O. Box 926, 2106 Nullam Road",Montgomery,Alabama,286-522-8945,675-98-06,BE5B44F7-9484-5ACC-C61D-54BC48E14472
108,"SOL AZTECA RESTAURANT","727-6430 Imperdiet Rd.",Tuscaloosa,Alabama,167-661-0191,844222-4211,4140,"Cecilia Larson","P.O. Box 926, 2106 Nullam Road",Montgomery,Alabama,286-522-8945,675-98-06,BE5B44F7-9484-5ACC-C61D-54BC48E14472
173,"THE GREENE TURTLE","805-6530 Arcu. Avenue",Tuscaloosa,Alabama,209-487-8295,806320-3064,4140,"Cecilia Larson","P.O. Box 926, 2106 Nullam Road",Montgomery,Alabama,286-522-8945,675-98-06,BE5B44F7-9484-5ACC-C61D-54BC48E14472
176,"AJI-NIPPON RESTAURANT","595-7677 Fames Av.",Huntsville,Alabama,687-179-4514,102739-1075,4140,"Cecilia Larson","P.O. Box 926, 2106 Nullam Road",Montgomery,Alabama,286-522-8945,675-98-06,BE5B44F7-9484-5ACC-C61D-54BC48E14472
12,"Le Mary Céleste","P.O. Box 298, 5458 Nunc Rd.",Huntsville,Alabama,401-640-6068,498082-1021,4175,"Barrett Wooten","P.O. Box 785, 6577 Ut Street",Mobile,Alabama,874-722-1847,048-50-00,9F859A4E-8A09-BDD7-4FC6-D5D575D0856C
103,"Podozritelnye Litsa Bar","336-8523 Congue Road",Tuscaloosa,Alabama,814-337-7688,285412-1965,4175,"Barrett Wooten","P.O. Box 785, 6577 Ut Street",Mobile,Alabama,874-722-1847,048-50-00,9F859A4E-8A09-BDD7-4FC6-D5D575D0856C
108,"SOL AZTECA RESTAURANT","727-6430 Imperdiet Rd.",Tuscaloosa,Alabama,167-661-0191,844222-4211,4175,"Barrett Wooten","P.O. Box 785, 6577 Ut Street",Mobile,Alabama,874-722-1847,048-50-00,9F859A4E-8A09-BDD7-4FC6-D5D575D0856C
173,"THE GREENE TURTLE","805-6530 Arcu. Avenue",Tuscaloosa,Alabama,209-487-8295,806320-3064,4175,"Barrett Wooten","P.O. Box 785, 6577 Ut Street",Mobile,Alabama,874-722-1847,048-50-00,9F859A4E-8A09-BDD7-4FC6-D5D575D0856C
176,"AJI-NIPPON RESTAURANT","595-7677 Fames Av.",Huntsville,Alabama,687-179-4514,102739-1075,4175,"Barrett Wooten","P.O. Box 785, 6577 Ut Street",Mobile,Alabama,874-722-1847,048-50-00,9F859A4E-8A09-BDD7-4FC6-D5D575D0856C
12,"Le Mary Céleste","P.O. Box 298, 5458 Nunc Rd.",Huntsville,Alabama,401-640-6068,498082-1021,4180,"Moses Chandler","398-594 Natoque St.",Huntsville,Alabama,629-463-2725,267-11-06,ADEA1D32-2318-FE35-194B-FC6AB9999F33
103,"Podozritelnye Litsa Bar","336-8523 Congue Road",Tuscaloosa,Alabama,814-337-7688,285412-1965,4180,"Moses Chandler","398-594 Natoque St.",Huntsville,Alabama,629-463-2725,267-11-06,ADEA1D32-2318-FE35-194B-FC6AB9999F33
108,"SOL AZTECA RESTAURANT","727-6430 Imperdiet Rd.",Tuscaloosa,Alabama,167-661-0191,844222-4211,4180,"Moses Chandler","398-594 Natoque St.",Huntsville,Alabama,629-463-2725,267-11-06,ADEA1D32-2318-FE35-194B-FC6AB9999F33
173,"THE GREENE TURTLE","805-6530 Arcu. Avenue",Tuscaloosa,Alabama,209-487-8295,806320-3064,4180,"Moses Chandler","398-594 Natoque St.",Huntsville,Alabama,629-463-2725,267-11-06,ADEA1D32-2318-FE35-194B-FC6AB9999F33
176,"AJI-NIPPON RESTAURANT","595-7677 Fames Av.",Huntsville,Alabama,687-179-4514,102739-1075,4180,"Moses Chandler","398-594 Natoque St.",Huntsville,Alabama,629-463-2725,267-11-06,ADEA1D32-2318-FE35-194B-FC6AB9999F33
12,"Le Mary Céleste","P.O. Box 298, 5458 Nunc Rd.",Huntsville,Alabama,401-640-6068,498082-1021,4212,"Garrett Hahn","164-1888 Libero. Rd.",Huntsville,Alabama,345-779-0601,254-08-03,ED6FD521-BA08-56BE-6825-8C0E0636B754
103,"Podozritelnye Litsa Bar","336-8523 Congue Road",Tuscaloosa,Alabama,814-337-7688,285412-1965,4212,"Garrett Hahn","164-1888 Libero. Rd.",Huntsville,Alabama,345-779-0601,254-08-03,ED6FD521-BA08-56BE-6825-8C0E0636B754
108,"SOL AZTECA RESTAURANT","727-6430 Imperdiet Rd.",Tuscaloosa,Alabama,167-661-0191,844222-4211,4212,"Garrett Hahn","164-1888 Libero. Rd.",Huntsville,Alabama,345-779-0601,254-08-03,ED6FD521-BA08-56BE-6825-8C0E0636B754
173,"THE GREENE TURTLE","805-6530 Arcu. Avenue",Tuscaloosa,Alabama,209-487-8295,806320-3064,4212,"Garrett Hahn","164-1888 Libero. Rd.",Huntsville,Alabama,345-779-0601,254-08-03,ED6FD521-BA08-56BE-6825-8C0E0636B754
176,"AJI-NIPPON RESTAURANT","595-7677 Fames Av.",Huntsville,Alabama,687-179-4514,102739-1075,4212,"Garrett Hahn","164-1888 Libero. Rd.",Huntsville,Alabama,345-779-0601,254-08-03,ED6FD521-BA08-56BE-6825-8C0E0636B754
12,"Le Mary Céleste","P.O. Box 298, 5458 Nunc Rd.",Huntsville,Alabama,401-640-6068,498082-1021,4228,"Nell Mccoy","789-6987 Et Road",Tuscaloosa,Alabama,345-167-1000,043-28-01,B857568D-45BE-2E5F-1162-A60736104056
103,"Podozritelnye Litsa Bar","336-8523 Congue Road",Tuscaloosa,Alabama,814-337-7688,285412-1965,4228,"Nell Mccoy","789-6987 Et Road",Tuscaloosa,Alabama,345-167-1000,043-28-01,B857568D-45BE-2E5F-1162-A60736104056
108,"SOL AZTECA RESTAURANT","727-6430 Imperdiet Rd.",Tuscaloosa,Alabama,167-661-0191,844222-4211,4228,"Nell Mccoy","789-6987 Et Road",Tuscaloosa,Alabama,345-167-1000,043-28-01,B857568D-45BE-2E5F-1162-A60736104056
173,"THE GREENE TURTLE","805-6530 Arcu. Avenue",Tuscaloosa,Alabama,209-487-8295,806320-3064,4228,"Nell Mccoy","789-6987 Et Road",Tuscaloosa,Alabama,345-167-1000,043-28-01,B857568D-45BE-2E5F-1162-A60736104056
176,"AJI-NIPPON RESTAURANT","595-7677 Fames Av.",Huntsville,Alabama,687-179-4514,102739-1075,4228,"Nell Mccoy","789-6987 Et Road",Tuscaloosa,Alabama,345-167-1000,043-28-01,B857568D-45BE-2E5F-1162-A60736104056
12,"Le Mary Céleste","P.O. Box 298, 5458 Nunc Rd.",Huntsville,Alabama,401-640-6068,498082-1021,4264,"Emery Ryan","7546 Nunc Rd.",Tuscaloosa,Alabama,772-508-1453,870-74-06,7DC95F9A-1716-7540-5737-A9F427B83493
103,"Podozritelnye Litsa Bar","336-8523 Congue Road",Tuscaloosa,Alabama,814-337-7688,285412-1965,4264,"Emery Ryan","7546 Nunc Rd.",Tuscaloosa,Alabama,772-508-1453,870-74-06,7DC95F9A-1716-7540-5737-A9F427B83493
108,"SOL AZTECA RESTAURANT","727-6430 Imperdiet Rd.",Tuscaloosa,Alabama,167-661-0191,844222-4211,4264,"Emery Ryan","7546 Nunc Rd.",Tuscaloosa,Alabama,772-508-1453,870-74-06,7DC95F9A-1716-7540-5737-A9F427B83493
173,"THE GREENE TURTLE","805-6530 Arcu. Avenue",Tuscaloosa,Alabama,209-487-8295,806320-3064,4264,"Emery Ryan","7546 Nunc Rd.",Tuscaloosa,Alabama,772-508-1453,870-74-06,7DC95F9A-1716-7540-5737-A9F427B83493
176,"AJI-NIPPON RESTAURANT","595-7677 Fames Av.",Huntsville,Alabama,687-179-4514,102739-1075,4264,"Emery Ryan","7546 Nunc Rd.",Tuscaloosa,Alabama,772-508-1453,870-74-06,7DC95F9A-1716-7540-5737-A9F427B83493
12,"Le Mary Céleste","P.O. Box 298, 5458 Nunc Rd.",Huntsville,Alabama,401-640-6068,498082-1021,4271,"Chloe Wilkins","Ap #294-9977 Nulla Street",Birmingham,Alabama,572-190-6909,194-32-04,45088FC5-853E-C975-5284-9CC414038350
103,"Podozritelnye Litsa Bar","336-8523 Congue Road",Tuscaloosa,Alabama,814-337-7688,285412-1965,4271,"Chloe Wilkins","Ap #294-9977 Nulla Street",Birmingham,Alabama,572-190-6909,194-32-04,45088FC5-853E-C975-5284-9CC414038350
108,"SOL AZTECA RESTAURANT","727-6430 Imperdiet Rd.",Tuscaloosa,Alabama,167-661-0191,844222-4211,4271,"Chloe Wilkins","Ap #294-9977 Nulla Street",Birmingham,Alabama,572-190-6909,194-32-04,45088FC5-853E-C975-5284-9CC414038350
173,"THE GREENE TURTLE","805-6530 Arcu. Avenue",Tuscaloosa,Alabama,209-487-8295,806320-3064,4271,"Chloe Wilkins","Ap #294-9977 Nulla Street",Birmingham,Alabama,572-190-6909,194-32-04,45088FC5-853E-C975-5284-9CC414038350
176,"AJI-NIPPON RESTAURANT","595-7677 Fames Av.",Huntsville,Alabama,687-179-4514,102739-1075,4271,"Chloe Wilkins","Ap #294-9977 Nulla Street",Birmingham,Alabama,572-190-6909,194-32-04,45088FC5-853E-C975-5284-9CC414038350
12,"Le Mary Céleste","P.O. Box 298, 5458 Nunc Rd.",Huntsville,Alabama,401-640-6068,498082-1021,4392,"Lareina Cole","Ap #895-4675 Sed Road",Mobile,Alabama,395-789-4229,427-41-06,87890AFE-C189-73A2-12F1-186B0D2737BC
103,"Podozritelnye Litsa Bar","336-8523 Congue Road",Tuscaloosa,Alabama,814-337-7688,285412-1965,4392,"Lareina Cole","Ap #895-4675 Sed Road",Mobile,Alabama,395-789-4229,427-41-06,87890AFE-C189-73A2-12F1-186B0D2737BC
108,"SOL AZTECA RESTAURANT","727-6430 Imperdiet Rd.",Tuscaloosa,Alabama,167-661-0191,844222-4211,4392,"Lareina Cole","Ap #895-4675 Sed Road",Mobile,Alabama,395-789-4229,427-41-06,87890AFE-C189-73A2-12F1-186B0D2737BC
173,"THE GREENE TURTLE","805-6530 Arcu. Avenue",Tuscaloosa,Alabama,209-487-8295,806320-3064,4392,"Lareina Cole","Ap #895-4675 Sed Road",Mobile,Alabama,395-789-4229,427-41-06,87890AFE-C189-73A2-12F1-186B0D2737BC
176,"AJI-NIPPON RESTAURANT","595-7677 Fames Av.",Huntsville,Alabama,687-179-4514,102739-1075,4392,"Lareina Cole","Ap #895-4675 Sed Road",Mobile,Alabama,395-789-4229,427-41-06,87890AFE-C189-73A2-12F1-186B0D2737BC
12,"Le Mary Céleste","P.O. Box 298, 5458 Nunc Rd.",Huntsville,Alabama,401-640-6068,498082-1021,4448,"Diana Curry","8678 Suspendisse Street",Mobile,Alabama,844-469-9704,697-13-07,04B4E156-1A50-CE4F-4518-276BDA79C67D
103,"Podozritelnye Litsa Bar","336-8523 Congue Road",Tuscaloosa,Alabama,814-337-7688,285412-1965,4448,"Diana Curry","8678 Suspendisse Street",Mobile,Alabama,844-469-9704,697-13-07,04B4E156-1A50-CE4F-4518-276BDA79C67D
108,"SOL AZTECA RESTAURANT","727-6430 Imperdiet Rd.",Tuscaloosa,Alabama,167-661-0191,844222-4211,4448,"Diana Curry","8678 Suspendisse Street",Mobile,Alabama,844-469-9704,697-13-07,04B4E156-1A50-CE4F-4518-276BDA79C67D
173,"THE GREENE TURTLE","805-6530 Arcu. Avenue",Tuscaloosa,Alabama,209-487-8295,806320-3064,4448,"Diana Curry","8678 Suspendisse Street",Mobile,Alabama,844-469-9704,697-13-07,04B4E156-1A50-CE4F-4518-276BDA79C67D
176,"AJI-NIPPON RESTAURANT","595-7677 Fames Av.",Huntsville,Alabama,687-179-4514,102739-1075,4448,"Diana Curry","8678 Suspendisse Street",Mobile,Alabama,844-469-9704,697-13-07,04B4E156-1A50-CE4F-4518-276BDA79C67D
12,"Le Mary Céleste","P.O. Box 298, 5458 Nunc Rd.",Huntsville,Alabama,401-640-6068,498082-1021,4517,"Nathaniel Gates","9668 Eleifend Ave",Montgomery,Alabama,162-691-7353,718-79-00,375C7464-407E-9ADE-6071-ABA12DD62D9A
103,"Podozritelnye Litsa Bar","336-8523 Congue Road",Tuscaloosa,Alabama,814-337-7688,285412-1965,4517,"Nathaniel Gates","9668 Eleifend Ave",Montgomery,Alabama,162-691-7353,718-79-00,375C7464-407E-9ADE-6071-ABA12DD62D9A
108,"SOL AZTECA RESTAURANT","727-6430 Imperdiet Rd.",Tuscaloosa,Alabama,167-661-0191,844222-4211,4517,"Nathaniel Gates","9668 Eleifend Ave",Montgomery,Alabama,162-691-7353,718-79-00,375C7464-407E-9ADE-6071-ABA12DD62D9A
173,"THE GREENE TURTLE","805-6530 Arcu. Avenue",Tuscaloosa,Alabama,209-487-8295,806320-3064,4517,"Nathaniel Gates","9668 Eleifend Ave",Montgomery,Alabama,162-691-7353,718-79-00,375C7464-407E-9ADE-6071-ABA12DD62D9A
176,"AJI-NIPPON RESTAURANT","595-7677 Fames Av.",Huntsville,Alabama,687-179-4514,102739-1075,4517,"Nathaniel Gates","9668 Eleifend Ave",Montgomery,Alabama,162-691-7353,718-79-00,375C7464-407E-9ADE-6071-ABA12DD62D9A
12,"Le Mary Céleste","P.O. Box 298, 5458 Nunc Rd.",Huntsville,Alabama,401-640-6068,498082-1021,4555,"Fatima Pacheco","Ap #421-6910 Adipiscing St.",Mobile,Alabama,265-577-0025,700-68-03,B9320EA7-3086-17AD-0BB7-776EF76761BC
103,"Podozritelnye Litsa Bar","336-8523 Congue Road",Tuscaloosa,Alabama,814-337-7688,285412-1965,4555,"Fatima Pacheco","Ap #421-6910 Adipiscing St.",Mobile,Alabama,265-577-0025,700-68-03,B9320EA7-3086-17AD-0BB7-776EF76761BC
108,"SOL AZTECA RESTAURANT","727-6430 Imperdiet Rd.",Tuscaloosa,Alabama,167-661-0191,844222-4211,4555,"Fatima Pacheco","Ap #421-6910 Adipiscing St.",Mobile,Alabama,265-577-0025,700-68-03,B9320EA7-3086-17AD-0BB7-776EF76761BC
173,"THE GREENE TURTLE","805-6530 Arcu. Avenue",Tuscaloosa,Alabama,209-487-8295,806320-3064,4555,"Fatima Pacheco","Ap #421-6910 Adipiscing St.",Mobile,Alabama,265-577-0025,700-68-03,B9320EA7-3086-17AD-0BB7-776EF76761BC
176,"AJI-NIPPON RESTAURANT","595-7677 Fames Av.",Huntsville,Alabama,687-179-4514,102739-1075,4555,"Fatima Pacheco","Ap #421-6910 Adipiscing St.",Mobile,Alabama,265-577-0025,700-68-03,B9320EA7-3086-17AD-0BB7-776EF76761BC
12,"Le Mary Céleste","P.O. Box 298, 5458 Nunc Rd.",Huntsville,Alabama,401-640-6068,498082-1021,4629,"Libby White","7663 Neque Ave",Birmingham,Alabama,960-336-6453,056-82-01,BFCBFBDB-BC3A-A961-DAE9-7F5DC4506893
103,"Podozritelnye Litsa Bar","336-8523 Congue Road",Tuscaloosa,Alabama,814-337-7688,285412-1965,4629,"Libby White","7663 Neque Ave",Birmingham,Alabama,960-336-6453,056-82-01,BFCBFBDB-BC3A-A961-DAE9-7F5DC4506893
108,"SOL AZTECA RESTAURANT","727-6430 Imperdiet Rd.",Tuscaloosa,Alabama,167-661-0191,844222-4211,4629,"Libby White","7663 Neque Ave",Birmingham,Alabama,960-336-6453,056-82-01,BFCBFBDB-BC3A-A961-DAE9-7F5DC4506893
173,"THE GREENE TURTLE","805-6530 Arcu. Avenue",Tuscaloosa,Alabama,209-487-8295,806320-3064,4629,"Libby White","7663 Neque Ave",Birmingham,Alabama,960-336-6453,056-82-01,BFCBFBDB-BC3A-A961-DAE9-7F5DC4506893
176,"AJI-NIPPON RESTAURANT","595-7677 Fames Av.",Huntsville,Alabama,687-179-4514,102739-1075,4629,"Libby White","7663 Neque Ave",Birmingham,Alabama,960-336-6453,056-82-01,BFCBFBDB-BC3A-A961-DAE9-7F5DC4506893
12,"Le Mary Céleste","P.O. Box 298, 5458 Nunc Rd.",Huntsville,Alabama,401-640-6068,498082-1021,4668,"Minerva Colon","P.O. Box 488, 398 Ante. Street",Huntsville,Alabama,402-470-7297,181-73-01,B47C2555-933A-4E73-EE2F-1241DBE146E7
103,"Podozritelnye Litsa Bar","336-8523 Congue Road",Tuscaloosa,Alabama,814-337-7688,285412-1965,4668,"Minerva Colon","P.O. Box 488, 398 Ante. Street",Huntsville,Alabama,402-470-7297,181-73-01,B47C2555-933A-4E73-EE2F-1241DBE146E7
108,"SOL AZTECA RESTAURANT","727-6430 Imperdiet Rd.",Tuscaloosa,Alabama,167-661-0191,844222-4211,4668,"Minerva Colon","P.O. Box 488, 398 Ante. Street",Huntsville,Alabama,402-470-7297,181-73-01,B47C2555-933A-4E73-EE2F-1241DBE146E7
173,"THE GREENE TURTLE","805-6530 Arcu. Avenue",Tuscaloosa,Alabama,209-487-8295,806320-3064,4668,"Minerva Colon","P.O. Box 488, 398 Ante. Street",Huntsville,Alabama,402-470-7297,181-73-01,B47C2555-933A-4E73-EE2F-1241DBE146E7
176,"AJI-NIPPON RESTAURANT","595-7677 Fames Av.",Huntsville,Alabama,687-179-4514,102739-1075,4668,"Minerva Colon","P.O. Box 488, 398 Ante. Street",Huntsville,Alabama,402-470-7297,181-73-01,B47C2555-933A-4E73-EE2F-1241DBE146E7
12,"Le Mary Céleste","P.O. Box 298, 5458 Nunc Rd.",Huntsville,Alabama,401-640-6068,498082-1021,4730,"Isabelle Hammond","Ap #235-4427 Sapien, St.",Montgomery,Alabama,448-151-9594,176-84-06,439853A0-085D-9FB6-1169-236A9D06AF45
103,"Podozritelnye Litsa Bar","336-8523 Congue Road",Tuscaloosa,Alabama,814-337-7688,285412-1965,4730,"Isabelle Hammond","Ap #235-4427 Sapien, St.",Montgomery,Alabama,448-151-9594,176-84-06,439853A0-085D-9FB6-1169-236A9D06AF45
108,"SOL AZTECA RESTAURANT","727-6430 Imperdiet Rd.",Tuscaloosa,Alabama,167-661-0191,844222-4211,4730,"Isabelle Hammond","Ap #235-4427 Sapien, St.",Montgomery,Alabama,448-151-9594,176-84-06,439853A0-085D-9FB6-1169-236A9D06AF45
173,"THE GREENE TURTLE","805-6530 Arcu. Avenue",Tuscaloosa,Alabama,209-487-8295,806320-3064,4730,"Isabelle Hammond","Ap #235-4427 Sapien, St.",Montgomery,Alabama,448-151-9594,176-84-06,439853A0-085D-9FB6-1169-236A9D06AF45
176,"AJI-NIPPON RESTAURANT","595-7677 Fames Av.",Huntsville,Alabama,687-179-4514,102739-1075,4730,"Isabelle Hammond","Ap #235-4427 Sapien, St.",Montgomery,Alabama,448-151-9594,176-84-06,439853A0-085D-9FB6-1169-236A9D06AF45
12,"Le Mary Céleste","P.O. Box 298, 5458 Nunc Rd.",Huntsville,Alabama,401-640-6068,498082-1021,4769,"Mufutau Acevedo","6492 Turpis. Rd.",Birmingham,Alabama,515-217-8176,674-79-03,65D8D794-AB98-09C8-6ECD-C39D6F2AF2B0
103,"Podozritelnye Litsa Bar","336-8523 Congue Road",Tuscaloosa,Alabama,814-337-7688,285412-1965,4769,"Mufutau Acevedo","6492 Turpis. Rd.",Birmingham,Alabama,515-217-8176,674-79-03,65D8D794-AB98-09C8-6ECD-C39D6F2AF2B0
108,"SOL AZTECA RESTAURANT","727-6430 Imperdiet Rd.",Tuscaloosa,Alabama,167-661-0191,844222-4211,4769,"Mufutau Acevedo","6492 Turpis. Rd.",Birmingham,Alabama,515-217-8176,674-79-03,65D8D794-AB98-09C8-6ECD-C39D6F2AF2B0
173,"THE GREENE TURTLE","805-6530 Arcu. Avenue",Tuscaloosa,Alabama,209-487-8295,806320-3064,4769,"Mufutau Acevedo","6492 Turpis. Rd.",Birmingham,Alabama,515-217-8176,674-79-03,65D8D794-AB98-09C8-6ECD-C39D6F2AF2B0
176,"AJI-NIPPON RESTAURANT","595-7677 Fames Av.",Huntsville,Alabama,687-179-4514,102739-1075,4769,"Mufutau Acevedo","6492 Turpis. Rd.",Birmingham,Alabama,515-217-8176,674-79-03,65D8D794-AB98-09C8-6ECD-C39D6F2AF2B0
12,"Le Mary Céleste","P.O. Box 298, 5458 Nunc Rd.",Huntsville,Alabama,401-640-6068,498082-1021,4804,"Hilel Booker","Ap #292-4574 Sapien, Rd.",Mobile,Alabama,322-986-2038,190-97-06,549ACE6C-A8A2-1CDC-7BA3-0ED99255FC48
103,"Podozritelnye Litsa Bar","336-8523 Congue Road",Tuscaloosa,Alabama,814-337-7688,285412-1965,4804,"Hilel Booker","Ap #292-4574 Sapien, Rd.",Mobile,Alabama,322-986-2038,190-97-06,549ACE6C-A8A2-1CDC-7BA3-0ED99255FC48
108,"SOL AZTECA RESTAURANT","727-6430 Imperdiet Rd.",Tuscaloosa,Alabama,167-661-0191,844222-4211,4804,"Hilel Booker","Ap #292-4574 Sapien, Rd.",Mobile,Alabama,322-986-2038,190-97-06,549ACE6C-A8A2-1CDC-7BA3-0ED99255FC48
173,"THE GREENE TURTLE","805-6530 Arcu. Avenue",Tuscaloosa,Alabama,209-487-8295,806320-3064,4804,"Hilel Booker","Ap #292-4574 Sapien, Rd.",Mobile,Alabama,322-986-2038,190-97-06,549ACE6C-A8A2-1CDC-7BA3-0ED99255FC48
176,"AJI-NIPPON RESTAURANT","595-7677 Fames Av.",Huntsville,Alabama,687-179-4514,102739-1075,4804,"Hilel Booker","Ap #292-4574 Sapien, Rd.",Mobile,Alabama,322-986-2038,190-97-06,549ACE6C-A8A2-1CDC-7BA3-0ED99255FC48
12,"Le Mary Céleste","P.O. Box 298, 5458 Nunc Rd.",Huntsville,Alabama,401-640-6068,498082-1021,4838,"Travis Rollins","9196 Dolor Av.",Tuscaloosa,Alabama,341-917-9931,862-67-08,3CA9ED69-B41A-D5F5-C249-5833CF78F0B8
103,"Podozritelnye Litsa Bar","336-8523 Congue Road",Tuscaloosa,Alabama,814-337-7688,285412-1965,4838,"Travis Rollins","9196 Dolor Av.",Tuscaloosa,Alabama,341-917-9931,862-67-08,3CA9ED69-B41A-D5F5-C249-5833CF78F0B8
108,"SOL AZTECA RESTAURANT","727-6430 Imperdiet Rd.",Tuscaloosa,Alabama,167-661-0191,844222-4211,4838,"Travis Rollins","9196 Dolor Av.",Tuscaloosa,Alabama,341-917-9931,862-67-08,3CA9ED69-B41A-D5F5-C249-5833CF78F0B8
173,"THE GREENE TURTLE","805-6530 Arcu. Avenue",Tuscaloosa,Alabama,209-487-8295,806320-3064,4838,"Travis Rollins","9196 Dolor Av.",Tuscaloosa,Alabama,341-917-9931,862-67-08,3CA9ED69-B41A-D5F5-C249-5833CF78F0B8
176,"AJI-NIPPON RESTAURANT","595-7677 Fames Av.",Huntsville,Alabama,687-179-4514,102739-1075,4838,"Travis Rollins","9196 Dolor Av.",Tuscaloosa,Alabama,341-917-9931,862-67-08,3CA9ED69-B41A-D5F5-C249-5833CF78F0B8
12,"Le Mary Céleste","P.O. Box 298, 5458 Nunc Rd.",Huntsville,Alabama,401-640-6068,498082-1021,4856,"Skyler Vega","1551 Vel St.",Montgomery,Alabama,676-308-0757,523-59-05,55E4FFDA-0D95-6EC4-1CF6-AC2E6F03B15C
103,"Podozritelnye Litsa Bar","336-8523 Congue Road",Tuscaloosa,Alabama,814-337-7688,285412-1965,4856,"Skyler Vega","1551 Vel St.",Montgomery,Alabama,676-308-0757,523-59-05,55E4FFDA-0D95-6EC4-1CF6-AC2E6F03B15C
108,"SOL AZTECA RESTAURANT","727-6430 Imperdiet Rd.",Tuscaloosa,Alabama,167-661-0191,844222-4211,4856,"Skyler Vega","1551 Vel St.",Montgomery,Alabama,676-308-0757,523-59-05,55E4FFDA-0D95-6EC4-1CF6-AC2E6F03B15C
173,"THE GREENE TURTLE","805-6530 Arcu. Avenue",Tuscaloosa,Alabama,209-487-8295,806320-3064,4856,"Skyler Vega","1551 Vel St.",Montgomery,Alabama,676-308-0757,523-59-05,55E4FFDA-0D95-6EC4-1CF6-AC2E6F03B15C
176,"AJI-NIPPON RESTAURANT","595-7677 Fames Av.",Huntsville,Alabama,687-179-4514,102739-1075,4856,"Skyler Vega","1551 Vel St.",Montgomery,Alabama,676-308-0757,523-59-05,55E4FFDA-0D95-6EC4-1CF6-AC2E6F03B15C
12,"Le Mary Céleste","P.O. Box 298, 5458 Nunc Rd.",Huntsville,Alabama,401-640-6068,498082-1021,4887,"Walker Landry","Ap #492-2768 Eget, Avenue",Birmingham,Alabama,769-978-2534,440-20-08,EEE21402-391B-ABAC-5F6C-BDC32629F798
103,"Podozritelnye Litsa Bar","336-8523 Congue Road",Tuscaloosa,Alabama,814-337-7688,285412-1965,4887,"Walker Landry","Ap #492-2768 Eget, Avenue",Birmingham,Alabama,769-978-2534,440-20-08,EEE21402-391B-ABAC-5F6C-BDC32629F798
108,"SOL AZTECA RESTAURANT","727-6430 Imperdiet Rd.",Tuscaloosa,Alabama,167-661-0191,844222-4211,4887,"Walker Landry","Ap #492-2768 Eget, Avenue",Birmingham,Alabama,769-978-2534,440-20-08,EEE21402-391B-ABAC-5F6C-BDC32629F798
173,"THE GREENE TURTLE","805-6530 Arcu. Avenue",Tuscaloosa,Alabama,209-487-8295,806320-3064,4887,"Walker Landry","Ap #492-2768 Eget, Avenue",Birmingham,Alabama,769-978-2534,440-20-08,EEE21402-391B-ABAC-5F6C-BDC32629F798
176,"AJI-NIPPON RESTAURANT","595-7677 Fames Av.",Huntsville,Alabama,687-179-4514,102739-1075,4887,"Walker Landry","Ap #492-2768 Eget, Avenue",Birmingham,Alabama,769-978-2534,440-20-08,EEE21402-391B-ABAC-5F6C-BDC32629F798
12,"Le Mary Céleste","P.O. Box 298, 5458 Nunc Rd.",Huntsville,Alabama,401-640-6068,498082-1021,4912,"Larissa Mccullough","9697 Velit Av.",Birmingham,Alabama,131-699-9066,887-34-03,A11B032D-9E28-1758-EC92-0DB14FE3FBF9
103,"Podozritelnye Litsa Bar","336-8523 Congue Road",Tuscaloosa,Alabama,814-337-7688,285412-1965,4912,"Larissa Mccullough","9697 Velit Av.",Birmingham,Alabama,131-699-9066,887-34-03,A11B032D-9E28-1758-EC92-0DB14FE3FBF9
108,"SOL AZTECA RESTAURANT","727-6430 Imperdiet Rd.",Tuscaloosa,Alabama,167-661-0191,844222-4211,4912,"Larissa Mccullough","9697 Velit Av.",Birmingham,Alabama,131-699-9066,887-34-03,A11B032D-9E28-1758-EC92-0DB14FE3FBF9
173,"THE GREENE TURTLE","805-6530 Arcu. Avenue",Tuscaloosa,Alabama,209-487-8295,806320-3064,4912,"Larissa Mccullough","9697 Velit Av.",Birmingham,Alabama,131-699-9066,887-34-03,A11B032D-9E28-1758-EC92-0DB14FE3FBF9
176,"AJI-NIPPON RESTAURANT","595-7677 Fames Av.",Huntsville,Alabama,687-179-4514,102739-1075,4912,"Larissa Mccullough","9697 Velit Av.",Birmingham,Alabama,131-699-9066,887-34-03,A11B032D-9E28-1758-EC92-0DB14FE3FBF9
